hospital,COORDX,COORDY,CATEGORIA,Consultas,Consultas de Atención Inmediata,Consultantes al Establecimiento,Médicos,Consultorios Fisicos,Consultorios Funcionales,Camas hospitalarias,Total partos,Estancias,Cirugia Mayor de AC,Cirugia Menor de MC,Cirugia Mayor de BC,Cirugia Menor de AR,Cirugia Menor de BR,Salas Quirúrgicas,Prioridad I,Prioridad II,Prioridad III,Prioridad IV,Análisis de laboratorio,Análisis de laboratorio C E,Exámenes radiológicos,Exámenes radiológicos C E,Placas radiológicas,Placas radiológicas C E,Odontólogos,Control de Enfermería,Control de nutrición,Control de Trabajo Social,Psicoprofilaxis de Nutrición,Psicoprofilaxis de Obstetricia,Psicoprofilaxis de Enfermería,Psicoprofilaxis de Psicología,hospital_c
C.M. ACOMAYO,-71.57240829999998,-14.034572099999998,C.M.,244,0,201,1,1,1,0,0,0,0,0,0,0,0,0,0,0,1,1,1,1,0,0,0,0,1,1,0,0,0,1,1,0,ACOMAYO
C.M. ANCIJE,-77.03982490000001,-12.0590827,C.M.,5337,0,3699,18,12,23,0,0,0,0,0,0,0,0,0,0,0,1,0,1,1,1,1,1,1,1,1,1,1,0,0,0,1,ANCIJE
C.M. APLAO,-72.4879444,-16.0710704,C.M.,755,0,349,2,2,2,0,0,0,0,0,0,0,0,0,0,1,1,1,1,1,1,1,1,1,1,1,0,0,0,1,0,1,APLAO
C.M. ASCOPE,-79.1143365,-7.7177186,C.M.,996,0,791,8,2,3,20,0,1,0,0,0,0,0,0,0,1,1,1,1,1,1,1,0,0,1,1,1,1,0,0,0,1,ASCOPE
C.M. AYAVIRI,-70.58896120000001,-14.884294199999998,C.M.,1786,0,1294,3,2,4,0,0,0,0,0,0,0,0,0,0,1,1,1,1,1,0,0,0,0,1,1,1,0,0,1,1,1,AYAVIRI
C.M. CAJABAMBA,-78.04522170000001,-7.620956899999999,C.M.,1077,0,605,2,1,2,0,4,0,0,0,0,0,0,0,0,1,1,1,1,1,1,1,1,1,1,1,1,0,0,1,0,1,CAJABAMBA
C.M. CALCA,-75.1992944,-12.0861015,C.M.,1149,0,890,3,2,3,0,0,0,0,0,0,0,0,0,0,1,1,1,1,1,1,1,1,1,1,1,0,0,0,1,0,0,CALCA
C.M. CARAZ,-77.81034809999998,-9.0477236,C.M.,1633,0,1191,4,2,3,0,2,0,0,0,0,0,0,0,1,1,1,1,1,1,1,1,1,1,1,1,1,0,0,1,0,0,CARAZ
C.M. CARHUAZ,-77.6475068,-9.282454699999999,C.M.,1116,0,763,3,2,3,0,1,0,0,0,0,0,0,0,0,1,1,1,1,1,0,0,0,0,1,1,1,0,0,1,0,0,CARHUAZ
C.M. CASAPALCA,-76.23777319999998,-11.6529936,C.M.,1382,0,541,2,1,2,0,0,0,0,0,0,0,0,0,0,1,1,0,0,0,1,1,1,1,1,1,0,0,0,1,0,0,CASAPALCA
C.M. CASMA,-78.3006626,-9.471830800000001,C.M.,1881,0,1233,5,2,4,0,1,0,0,0,0,0,0,0,0,1,1,0,1,1,1,1,1,1,1,1,1,0,0,1,0,0,CASMA
C.M. CAYALTI,-79.56596329999998,-6.886811,C.M.,2060,0,1735,6,2,4,0,0,0,0,0,0,0,0,0,0,1,1,1,1,1,1,1,1,1,1,1,1,1,1,1,1,0,CAYALTI
C.M. CELENDIN,-78.1444218,-6.8667976999999984,C.M.,1465,0,1152,3,2,2,0,4,0,0,0,0,0,0,0,0,1,1,1,1,1,1,1,1,1,1,1,1,0,0,1,1,0,CELENDIN
C.M. CHOTA,-78.6648243,-6.5595955,C.M.,1187,0,711,3,3,3,0,1,0,0,0,0,0,0,0,0,1,1,1,1,1,1,1,1,1,1,1,1,0,0,1,0,0,CHOTA
C.M. COISHCO,-78.6143377,-9.0202023,C.M.,3305,0,2120,10,5,6,0,0,0,0,0,0,0,0,0,0,1,1,1,1,1,1,1,1,1,1,1,1,1,0,1,0,0,COISHCO
C.M. CONCEPCION,-75.318405,-11.922403599999999,C.M.,987,0,840,2,2,2,0,0,0,0,0,0,0,0,0,0,0,1,0,1,1,0,0,0,0,1,1,0,0,0,1,0,0,CONCEPCION
C.M. CUTERVO,-78.821275,-6.376045299999999,C.M.,1210,0,697,3,2,3,0,1,0,0,0,0,0,0,0,0,1,1,1,1,1,1,1,1,1,1,1,1,0,0,1,0,0,CUTERVO
C.M. EL ALTO,0.0,0.0,C.M.,605,0,436,2,2,2,0,0,0,0,0,0,0,0,0,0,1,1,1,0,0,0,0,0,0,1,1,0,0,0,1,0,0,EL ALTO
C.M. ESPECIALIZADO CASA GRANDE,-79.1901505,-7.7473402999999985,C.M.,3467,0,2923,12,8,9,10,0,1,0,0,0,0,0,0,1,1,1,1,1,1,1,1,1,1,1,1,1,0,0,1,0,1,ESPECIALIZADO CASA GRANDE
C.M. HUANCHACO,-79.1212106,-8.0829664,C.M.,1113,0,675,2,1,2,0,0,0,0,0,0,0,0,0,0,0,0,0,0,0,0,0,0,0,1,1,0,0,0,1,0,0,HUANCHACO
C.M. HUARI,-77.1676413,-9.3419045,C.M.,993,0,800,3,1,2,0,3,0,0,0,0,0,0,0,0,1,1,1,1,1,0,0,0,0,1,1,1,0,0,1,0,0,HUARI
C.M. HUARMEY,-78.15068240000002,-10.0664169,C.M.,1794,0,1255,5,2,3,0,2,0,0,0,0,0,0,0,0,1,1,0,1,1,1,1,1,1,1,1,1,1,0,1,0,0,HUARMEY
C.M. JUAN AITA VALLE,-79.8682381,-6.9111607999999976,C.M.,1783,0,1296,3,3,4,0,0,0,0,0,0,0,0,0,1,1,1,1,1,1,1,1,1,1,1,1,1,1,1,1,1,0,JUAN AITA VALLE
C.M. LEONCIO AMAYA TUME,-80.7413826,-5.402637599999999,C.M.,1866,0,577,5,3,5,0,2,0,0,0,0,0,0,0,0,1,1,0,1,1,1,1,1,1,1,1,1,0,0,1,0,0,LEONCIO AMAYA TUME
C.M. LEONCIO PRADO,-77.11843329999998,-12.0755423,C.M.,2129,0,1314,3,2,4,0,0,0,0,0,0,0,0,0,0,0,0,0,1,1,1,1,1,1,1,1,0,0,0,1,0,1,LEONCIO PRADO
C.M. LIRCAY,-74.72129319999998,-12.9900305,C.M.,3489,0,1296,5,4,8,0,25,0,0,0,0,0,0,0,1,1,1,1,1,1,0,0,0,0,1,1,1,0,1,1,0,1,LIRCAY
C.M. MALA,-76.63024250000002,-12.661562599999998,C.M.,2050,0,1772,6,2,3,0,0,0,0,0,0,0,0,0,0,1,1,0,1,1,1,1,1,1,1,1,1,0,0,1,0,0,MALA
C.M. SAN JUAN,-75.389241,-12.2014344,C.M.,2875,0,2026,5,3,4,0,0,0,0,0,0,0,0,0,1,1,1,1,1,1,1,1,1,1,1,1,1,1,0,1,0,0,SAN JUAN
C.M. SIHUAS,-77.62926970000002,-8.5547681,C.M.,792,0,476,2,2,2,0,2,0,0,0,0,0,0,0,0,1,1,0,1,1,1,1,1,1,1,1,0,0,0,1,0,0,SIHUAS
C.M. TAMBO GRANDE,-80.34111260000002,-4.9263072999999995,C.M.,1821,0,975,7,3,5,0,1,0,0,0,0,0,0,0,1,1,1,1,1,1,1,1,1,1,1,1,0,1,0,1,0,0,TAMBO GRANDE
C.M. URCOS,-71.62283550000002,-13.6824359,C.M.,789,0,473,2,2,2,0,0,0,0,0,0,0,0,0,0,0,1,1,1,1,1,1,1,1,1,1,0,0,0,1,0,0,URCOS
C.A.P.I ANTABAMBA,-72.87858299999998,-14.364746799999999,C.A.P.I,368,0,156,1,1,1,0,0,0,0,0,0,0,0,0,0,1,1,1,0,0,0,0,0,0,1,1,0,0,0,1,0,0,ANTABAMBA
C.A.P.I ASILLO,-70.35347800000001,-14.786157199999998,C.A.P.I,406,0,302,1,1,1,0,0,0,0,0,0,0,0,0,0,0,1,0,0,0,0,0,0,0,1,1,0,0,0,1,0,0,ASILLO
C.A.P.I CAMPO VERDE,-74.8066036,-8.474095599999998,C.A.P.I,924,0,323,2,1,2,0,0,0,0,0,0,0,0,0,0,0,1,0,0,0,0,0,0,0,1,1,1,0,0,1,0,0,CAMPO VERDE
C.A.P.I CASCAS,-78.8221874,-7.47996,C.A.P.I,344,0,273,1,1,1,0,0,0,0,0,0,0,0,0,0,0,0,0,0,0,0,0,0,0,1,1,0,0,0,1,0,0,CASCAS
C.A.P.I CHAVALINA,-75.67094990000002,-13.933381599999999,C.A.P.I,355,0,240,1,1,1,0,0,0,0,0,0,0,0,0,0,0,0,0,0,0,0,0,0,0,1,1,0,0,0,1,0,0,CHAVALINA
C.A.P.I CHURCAMPA,-74.3871012,-12.7396025,C.A.P.I,699,0,326,1,1,2,0,0,0,0,0,0,0,0,0,0,1,1,1,1,1,0,0,0,0,1,1,0,0,0,1,0,0,CHURCAMPA
C.A.P.I CORACORA,-73.78014470000002,-15.0163124,C.A.P.I,686,0,540,2,1,1,0,0,0,0,0,0,0,0,0,1,1,1,1,0,0,0,0,0,0,1,1,0,0,0,1,0,0,CORACORA
C.A.P.I DESAGUADERO,-69.04039499999999,-16.5631251,C.A.P.I,535,0,363,1,1,1,0,0,0,0,0,0,0,0,0,0,0,1,0,1,1,0,0,0,0,1,1,1,0,0,1,0,0,DESAGUADERO
C.A.P.I ECHARATE,-72.59468310000003,-12.775618199999998,C.A.P.I,343,0,176,1,1,1,0,0,0,0,0,0,0,0,0,1,1,1,1,0,0,0,0,0,0,0,1,0,0,0,0,1,0,ECHARATE
C.A.P.I EL PEDREGAL,-72.0148928,-16.016251699999998,C.A.P.I,1500,0,1092,3,3,3,0,3,0,0,0,0,0,0,0,0,0,1,0,0,0,0,0,0,0,1,1,1,0,0,1,1,0,EL PEDREGAL
C.A.P.I HUALGAYOC,-78.6068528,-6.7638136,C.A.P.I,636,0,407,1,1,1,0,1,0,0,0,0,0,0,0,0,1,1,1,1,1,1,1,1,1,1,1,0,0,0,1,0,0,HUALGAYOC
C.A.P.I HUANCASANCOS,-74.3360203,-13.9220184,C.A.P.I,392,0,185,1,1,2,0,0,0,0,0,0,0,0,0,0,0,0,0,0,0,0,0,0,0,1,1,0,0,0,1,0,0,HUANCASANCOS
C.A.P.I HUAYTARA,-75.3532422,-13.6040212,C.A.P.I,731,0,337,2,1,2,0,0,0,0,0,0,0,0,0,0,1,1,0,1,1,0,0,0,0,1,1,0,0,0,1,1,0,HUAYTARA
C.A.P.I ILABAYA,-70.5127345,-17.420402300000006,C.A.P.I,451,0,140,1,1,1,0,0,0,0,0,0,0,0,0,0,0,0,0,0,0,0,0,1,0,1,1,0,0,0,1,0,0,ILABAYA
C.A.P.I IMAZA,-78.33862859999998,-5.058393,C.A.P.I,310,0,172,1,1,1,0,3,0,0,0,0,0,0,0,1,1,1,1,0,0,0,0,0,0,1,1,0,0,0,1,0,0,IMAZA
C.A.P.I ITE,0.0,0.0,C.A.P.I,414,0,151,1,1,1,0,0,0,0,0,0,0,0,0,0,0,0,0,0,0,0,0,0,0,1,1,0,0,0,1,0,0,ITE
C.A.P.I LAMUD,-77.95052609999998,-6.136222099999999,C.A.P.I,277,0,83,1,1,1,0,0,0,0,0,0,0,0,0,0,1,1,1,0,0,0,0,0,0,1,1,0,0,0,1,0,0,LAMUD
C.A.P.I LONYA GRANDE,-78.42226649999998,-6.0971421999999995,C.A.P.I,290,0,199,1,1,1,0,0,0,0,0,0,0,0,0,0,1,1,1,0,0,0,0,0,0,1,1,0,0,0,1,1,0,LONYA GRANDE
C.A.P.I MALABRIGO,-79.4380417,-7.7036782000000015,C.A.P.I,521,0,348,2,2,2,0,0,0,0,0,0,0,0,0,0,0,0,0,0,0,0,0,0,0,1,1,0,0,0,0,0,0,MALABRIGO
C.A.P.I MANANTAY,-74.5629775,-8.399357,C.A.P.I,1930,0,1227,6,3,6,0,0,0,0,0,0,0,0,0,0,0,1,0,1,1,0,0,0,0,1,1,1,0,0,1,0,0,MANANTAY
C.A.P.I NUEVA CAJAMARCA,-77.30372299999998,-5.946466,C.A.P.I,1278,0,981,2,2,2,0,0,0,0,0,0,0,0,0,0,1,1,0,0,0,0,0,0,0,1,1,1,0,0,1,1,1,NUEVA CAJAMARCA
C.A.P.I OCALLI,-78.2362225,-6.2221075999999975,C.A.P.I,230,0,99,1,1,1,0,0,0,0,0,0,0,0,0,0,1,1,1,0,0,0,0,0,0,1,1,0,0,0,1,1,0,OCALLI
C.A.P.I PALPA,-75.18080350000002,-14.5340655,C.A.P.I,665,0,497,1,1,1,0,0,0,0,0,0,0,0,0,0,1,1,1,1,1,0,0,0,0,1,1,0,0,0,1,0,0,PALPA
C.A.P.I PEDRO RUIZ GALLO,-77.9767202,-5.9435411999999985,C.A.P.I,420,0,272,2,1,2,0,0,0,0,0,0,0,0,0,0,1,1,1,0,0,0,0,0,0,1,1,0,0,0,1,0,0,PEDRO RUIZ GALLO
C.A.P.I PICHANAQUI,-74.8745545,-10.926581500000001,C.A.P.I,519,0,409,2,1,2,0,0,0,0,0,0,0,0,0,1,1,1,1,0,0,0,0,0,0,1,1,0,0,0,1,0,0,PICHANAQUI
C.A.P.I SALAVERRY,-78.97689989999998,-8.2141205,C.A.P.I,1104,0,429,6,2,2,0,0,0,0,0,0,0,0,0,0,0,0,0,0,0,0,0,0,0,1,1,1,0,0,1,0,0,SALAVERRY
C.A.P.I SAN ANTONIO DEL ESTRECHO,-72.66981129999998,-2.4516589,C.A.P.I,292,0,77,1,1,1,0,0,0,0,0,0,0,0,0,0,0,0,0,1,1,0,0,0,0,1,1,0,0,0,1,0,0,SAN ANTONIO DEL ESTRECHO
C.A.P.I SAN PEDRO DE LLOC,-79.5033042,-7.425015399999999,C.A.P.I,700,0,445,2,2,2,0,0,0,0,0,0,0,0,0,0,0,0,0,0,0,0,0,0,0,1,1,0,0,0,1,0,0,SAN PEDRO DE LLOC
C.A.P.I TAMBO DE MORA,-76.18706809999998,-13.4733198,C.A.P.I,1114,0,363,2,2,1,0,0,0,0,0,0,0,0,0,0,0,1,0,0,0,0,0,0,0,1,1,1,0,0,1,0,0,TAMBO DE MORA
C.A.P.I TARATA,-70.032524,-17.474394699999998,C.A.P.I,425,0,259,1,1,1,0,0,0,0,0,0,0,0,0,0,0,0,0,0,0,0,0,0,0,1,1,0,0,0,1,0,0,TARATA
C.A.P.I VILLA TUPAC AMARU,-76.15211490000002,-13.7138414,C.A.P.I,912,0,317,2,2,2,0,0,0,0,0,0,0,0,0,0,0,0,0,0,0,0,0,0,0,1,1,1,0,0,1,0,0,VILLA TUPAC AMARU
C.A.P.II ACORA,-69.8004455,-15.970665400000001,C.A.P.II,636,0,483,1,1,1,0,0,0,0,0,0,0,0,0,0,0,1,0,1,1,0,0,1,1,1,1,1,0,0,1,1,0,ACORA
C.A.P.II CABALLOCOCHA,-70.5160813,-3.9107888999999996,C.A.P.II,1074,0,686,2,2,2,0,1,0,0,0,0,0,0,0,0,1,1,0,1,1,1,1,1,1,1,1,0,0,0,1,0,0,CABALLOCOCHA
C.A.P.II CABANILLAS,-70.34938000000001,-15.642600400000001,C.A.P.II,665,0,560,2,2,2,0,0,0,0,0,0,0,0,0,1,0,1,0,1,1,0,0,0,0,1,1,0,0,0,1,1,1,CABANILLAS
C.A.P.II CHALHUANCA,-73.25491070000002,-14.290925199999998,C.A.P.II,526,0,374,1,1,1,0,0,0,0,0,0,0,0,0,1,1,1,1,1,1,0,0,0,0,1,1,0,0,0,1,0,0,CHALHUANCA
C.A.P.II CHANCAY,-77.27012140000002,-11.562273699999999,C.A.P.II,5408,0,3619,14,5,11,0,0,0,0,0,0,0,0,0,0,1,1,1,1,1,0,0,0,0,1,1,1,0,0,1,0,0,CHANCAY
C.A.P.II CHONGOYAPE,-79.39502569999998,-6.6374574000000015,C.A.P.II,1222,0,1053,2,1,2,0,0,0,0,0,0,0,0,0,1,1,1,1,1,1,0,0,0,0,1,1,1,0,0,1,1,0,CHONGOYAPE
C.A.P.II CHULUCANAS,-80.1582241,-5.1005997,C.A.P.II,2788,0,1134,5,3,6,0,0,0,0,0,0,0,0,0,0,1,1,1,1,1,1,1,1,1,1,1,1,1,0,1,1,0,CHULUCANAS
C.A.P.II CHUPACA,-75.2858208,-12.0561522,C.A.P.II,2150,0,1662,3,2,2,0,0,0,0,0,0,0,0,0,0,0,0,0,1,1,1,1,1,1,1,1,1,0,0,1,0,0,CHUPACA
C.A.P.II COTABAMBAS,-72.17518630000002,-13.946330599999998,C.A.P.II,495,0,325,1,1,1,0,0,0,0,0,0,0,0,0,0,1,1,1,1,1,0,0,0,0,1,1,0,0,0,1,0,0,COTABAMBAS
C.A.P.II GUADALUPE,-79.47601329999998,-7.245252199999999,C.A.P.II,656,0,499,1,1,1,0,0,0,0,0,0,0,0,0,0,0,0,0,0,0,0,0,0,0,1,1,1,0,0,1,0,0,GUADALUPE
C.A.P.II HUAMACHUCO,-78.03977320000001,-7.8183466999999975,C.A.P.II,1876,0,983,4,2,4,0,0,0,0,0,0,0,0,0,0,0,0,0,0,0,0,0,0,0,1,1,1,0,0,1,0,0,HUAMACHUCO
C.A.P.II HUANTA,-74.2404429,-12.938899000000001,C.A.P.II,1256,0,563,6,3,4,0,0,0,0,0,0,0,0,0,0,0,0,0,1,1,0,0,0,0,1,1,1,1,1,1,0,1,HUANTA
C.A.P.II HUAYLLAY,-76.3651756,-10.9996208,C.A.P.II,1059,0,693,2,1,2,0,0,0,0,0,0,0,0,0,0,1,1,0,1,1,0,0,0,0,1,1,1,0,1,1,1,0,HUAYLLAY
C.A.P.II HUNTER,-71.5548355,-16.445478400000002,C.A.P.II,1658,0,950,4,3,4,0,0,0,0,0,0,0,0,0,0,0,1,0,0,0,0,0,0,0,1,1,0,1,0,1,0,1,HUNTER
C.A.P.II HUYRO,-72.5554068,-13.007402800000001,C.A.P.II,194,0,171,1,2,2,0,0,0,0,0,0,0,0,0,0,1,1,0,0,0,0,0,0,0,0,1,0,0,0,1,0,0,HUYRO
C.A.P.II JAYANCA,-79.8202852,-6.3922952,C.A.P.II,743,0,473,1,1,1,0,0,0,0,0,0,0,0,0,0,1,1,1,1,1,0,0,0,0,1,1,1,0,0,1,0,0,JAYANCA
C.A.P.II JUNIN,-75.34121789999998,-11.335797999999999,C.A.P.II,596,0,509,2,2,2,0,0,0,0,0,0,0,0,0,0,1,1,0,1,1,0,0,0,0,1,1,0,0,0,1,0,0,JUNIN
C.A.P.II LAREDO,-78.9627624,-8.0819939,C.A.P.II,2237,0,1226,6,3,6,0,0,0,0,0,0,0,0,0,0,0,0,0,1,1,0,0,0,0,1,1,1,0,0,1,0,0,LAREDO
C.A.P.II LUIS PALZA LEVANO,-70.2529717,-18.0396924,C.A.P.II,3937,0,2567,5,2,5,0,0,0,0,0,0,0,0,0,0,0,0,0,1,1,1,1,1,1,1,1,1,1,0,1,0,0,LUIS PALZA LEVANO
C.A.P.II LURIN,-76.88403199999998,-12.2526278,C.A.P.II,2737,0,2440,7,5,8,0,0,0,0,0,0,0,0,0,0,0,1,1,0,0,1,1,1,1,1,1,1,1,0,1,0,1,LURIN
C.A.P.II MOROCOCHA,-76.14047140000002,-11.598508,C.A.P.II,460,0,361,1,1,1,0,0,0,0,0,0,0,0,0,0,1,1,0,1,1,1,1,0,0,1,1,0,0,0,1,0,0,MOROCOCHA
C.A.P.II MOTUPE,-79.7147468,-6.1512014000000015,C.A.P.II,834,0,517,2,2,2,0,0,0,0,0,0,0,0,0,1,1,1,1,0,0,0,0,0,0,1,1,1,0,0,1,0,0,MOTUPE
C.A.P.II NASCA,-74.9327583,-14.8358687,C.A.P.II,2668,0,2115,8,4,6,0,0,0,0,0,0,0,0,0,0,1,1,0,1,1,1,1,1,1,1,1,1,0,0,1,0,0,NASCA
C.A.P.II NAUTA,-73.58098679999998,-4.5053588,C.A.P.II,1025,0,683,2,1,2,0,0,0,0,0,0,0,0,0,0,1,1,0,1,1,1,1,1,1,1,1,1,0,0,1,0,0,NAUTA
C.A.P.II OSCAR FERNANDEZ DAVILA VELEZ,-70.2442628,-18.0027194,C.A.P.II,3701,0,2023,4,3,6,0,0,0,0,0,0,0,0,0,0,0,0,0,0,0,0,0,0,0,1,1,1,1,0,1,1,1,OSCAR FERNANDEZ DAVILA VELEZ
C.A.P.II OTUZCO,-78.56703329999998,-7.913133299999997,C.A.P.II,876,0,519,2,1,2,0,1,0,0,0,0,0,0,0,0,0,0,0,1,1,0,0,0,0,1,1,1,0,0,1,1,0,OTUZCO
C.A.P.II PARAMONGA,-77.81613540000002,-10.6742959,C.A.P.II,2373,0,1620,9,2,4,0,0,0,0,0,0,0,0,0,0,1,1,0,1,1,0,0,0,0,1,1,1,0,0,1,0,1,PARAMONGA
C.A.P.II PATAPO,-79.63055990000002,-6.7376852,C.A.P.II,1224,0,1061,4,3,3,0,0,0,0,0,0,0,0,0,1,1,1,1,1,1,0,0,0,0,1,1,0,1,0,1,0,0,PATAPO
C.A.P.II POMABAMBA,-77.45698039999998,-8.8228089,C.A.P.II,854,0,474,3,3,3,0,0,0,0,0,0,0,0,0,0,1,1,1,1,1,0,0,0,0,1,1,0,0,0,1,0,0,POMABAMBA
C.A.P.II PUEBLO NUEVO,-76.13527420000001,-13.395466199999998,C.A.P.II,2429,0,2158,5,4,4,0,0,0,0,0,0,0,0,0,0,0,1,0,1,1,0,0,0,0,1,1,1,0,0,1,0,0,PUEBLO NUEVO
C.A.P.II PUQUIO,-74.11922209999999,-14.6910554,C.A.P.II,1039,0,640,2,2,2,0,0,0,0,0,0,0,0,0,0,1,1,0,1,1,1,1,1,1,1,1,0,0,0,1,0,0,PUQUIO
C.A.P.II RODRIGUEZ DE MENDOZA,-77.4855682,-6.3941102,C.A.P.II,665,0,430,3,2,3,0,1,0,0,0,0,0,0,0,1,1,1,1,1,1,0,0,0,0,1,1,0,0,0,1,1,0,RODRIGUEZ DE MENDOZA
C.A.P.II SAN IGNACIO,-79.00564960000001,-5.1454968,C.A.P.II,682,0,421,1,2,1,0,1,0,0,0,0,0,0,0,0,1,1,1,1,1,0,0,0,0,1,1,1,0,0,1,0,0,SAN IGNACIO
C.A.P.II SAN JACINTO,-78.28098790000001,-9.148289,C.A.P.II,1674,0,1012,5,3,4,0,0,0,0,0,0,0,0,0,0,1,1,1,1,1,0,0,0,0,1,1,0,0,0,1,0,0,SAN JACINTO
C.A.P.II SAN JUAN BAUTISTA,-73.28637009999998,-3.7746925000000013,C.A.P.II,3710,305,2243,23,6,10,0,0,0,0,0,0,0,0,0,0,0,0,0,0,0,0,0,0,0,1,1,1,0,0,1,0,1,SAN JUAN BAUTISTA
C.A.P.II SANTA MARGARITA,-75.7144801,-14.1941139,C.A.P.II,2971,0,2293,5,3,5,0,0,0,0,0,0,0,0,0,0,1,1,0,1,1,1,1,1,1,1,1,1,1,0,1,0,0,SANTA MARGARITA
C.A.P.II SANTA MARIA DE NIEVA,-77.8610254,-4.6010065,C.A.P.II,568,0,454,1,1,1,0,1,0,0,0,0,0,0,0,0,1,1,0,0,0,0,0,0,0,1,1,0,0,0,1,0,0,SANTA MARIA DE NIEVA
C.A.P.II SAYAN,-77.2000542,-11.1348902,C.A.P.II,2775,0,2006,11,2,6,0,0,0,0,0,0,0,0,0,0,0,1,0,1,1,1,1,1,1,1,1,1,0,0,1,0,0,SAYAN
C.A.P.II TAYABAMBA,-77.30085059999998,-8.2769363,C.A.P.II,662,0,604,2,2,2,0,0,0,0,0,0,0,0,0,0,0,0,0,1,1,0,0,0,0,1,1,0,0,0,1,0,0,TAYABAMBA
C.A.P.II TORATA,-70.8432115,-17.075957100000004,C.A.P.II,977,0,386,1,1,1,0,0,0,0,0,0,0,0,0,0,0,0,0,0,0,0,0,0,0,1,1,0,0,0,1,1,0,TORATA
C.A.P.II VILLA RICA,-75.2741089,-10.7394842,C.A.P.II,1018,0,782,3,2,4,0,0,0,0,0,0,0,0,0,0,1,1,0,1,1,1,1,1,1,1,1,1,1,0,1,1,1,VILLA RICA
C.A.P.II YANAHUANCA,-76.5160357,-10.4912286,C.A.P.II,1258,0,921,2,1,2,0,1,0,0,0,0,0,0,0,1,1,1,1,1,1,0,0,0,0,1,1,1,0,1,1,0,0,YANAHUANCA
C.A.P.III ALFREDO PIAZZA ROBERTS,-77.0277411,-12.086639100000001,C.A.P.III,4347,0,2187,10,9,16,0,0,0,0,0,0,0,0,0,1,1,1,1,1,1,1,1,1,1,1,1,1,1,0,1,0,1,ALFREDO PIAZZA ROBERTS
C.A.P.III ALTO SELVA ALEGRE,-71.52664519999998,-16.3815149,C.A.P.III,4324,0,3395,6,6,11,0,0,0,0,0,0,0,0,0,0,0,0,0,1,1,1,1,1,1,1,1,1,1,0,1,0,0,ALTO SELVA ALEGRE
C.A.P.III CARABAYLLO,-77.03840840000002,-11.8968398,C.A.P.III,6673,0,4758,14,7,14,0,0,0,0,0,0,0,0,0,0,0,0,0,1,1,1,1,1,1,1,1,1,1,1,1,1,1,CARABAYLLO
C.A.P.III CARLOS CASTANEDA IPARRAGUIRRE,-79.83159930000002,-6.7732204,C.A.P.III,3563,0,3153,7,4,7,0,0,0,0,0,0,0,0,0,0,1,1,0,1,1,1,1,1,1,1,1,1,1,1,1,1,1,CARLOS CASTANEDA IPARRAGUIRRE
C.A.P.III CASTILLA,-80.6210706,-5.2204796999999985,C.A.P.III,4735,0,2782,10,3,7,0,0,0,0,0,0,0,0,0,0,0,1,0,1,1,1,1,1,1,1,1,1,1,0,1,0,0,CASTILLA
C.A.P.III CATACAOS,-80.6743053,-5.268845099999999,C.A.P.III,3404,0,1779,8,4,6,0,0,0,0,0,0,0,0,0,0,0,0,0,1,1,1,1,1,1,1,1,1,1,0,1,0,0,CATACAOS
C.A.P.III EL AGUSTINO,-76.99819529999998,-12.045174099999999,C.A.P.III,7659,0,3924,13,10,13,0,0,0,0,0,0,0,0,0,0,0,0,0,1,1,1,1,1,1,1,1,1,1,0,1,1,1,EL AGUSTINO
C.A.P.III GAMARRA,-77.0169256,-12.070416400000001,C.A.P.III,10304,0,7075,46,19,36,0,0,0,0,0,0,0,0,0,1,1,1,1,1,1,1,1,1,1,1,1,1,0,0,1,0,0,GAMARRA
C.A.P.III HUARAL,-77.21321139999998,-11.5031049,C.A.P.III,6947,0,5479,13,6,13,0,4,0,0,0,0,0,0,0,1,1,1,1,1,1,1,1,1,1,1,1,1,0,0,1,0,0,HUARAL
C.A.P.III HUAYCAN,-76.8299031,-12.009876,C.A.P.III,6314,347,5083,22,6,13,0,0,0,0,0,0,0,0,0,1,1,1,1,1,1,1,1,1,1,1,1,1,1,0,1,0,0,HUAYCAN
C.A.P.III INDEPENDENCIA,-77.0613238,-11.9926853,C.A.P.III,8557,403,4661,21,12,23,0,0,0,0,0,0,0,0,0,0,1,1,1,1,1,1,1,1,1,1,1,1,1,1,1,0,1,INDEPENDENCIA
C.A.P.III LUIS NEGREIROS,-77.0980445,-12.0156194,C.A.P.III,15218,0,12786,39,11,32,0,0,0,0,0,0,0,0,0,0,0,0,0,0,0,0,0,0,0,1,1,1,1,0,1,0,0,LUIS NEGREIROS
C.A.P.III MANTARO,-75.2047755,-12.061962199999998,C.A.P.III,5027,527,3669,12,7,14,0,0,0,0,0,0,0,0,0,0,0,0,0,1,1,1,1,1,1,1,1,1,0,0,1,0,0,MANTARO
C.A.P.III MANUEL MANRIQUE NEVADO,-79.83669559999998,-6.7597307,C.A.P.III,5995,169,4742,26,6,14,0,0,0,0,0,0,0,0,0,0,1,1,1,1,1,1,1,1,1,1,1,1,1,1,1,0,1,MANUEL MANRIQUE NEVADO
C.A.P.III MELITON SALAS TEJADA,-71.53035059999998,-16.4390253,C.A.P.III,7963,531,5991,20,8,14,0,0,0,0,0,0,0,0,0,0,0,1,0,1,1,1,1,1,1,1,1,1,1,0,1,0,1,MELITON SALAS TEJADA
C.A.P.III PAUCARPATA,-71.48728779999998,-16.409949599999994,C.A.P.III,1698,0,1331,4,4,4,0,0,0,0,0,0,0,0,0,0,0,0,0,0,0,0,0,0,0,1,1,1,0,0,1,0,0,PAUCARPATA
C.A.P.III PEDRO REYES BARBOZA,-77.76003159999998,-10.7545395,C.A.P.III,4857,0,3559,16,4,11,0,3,0,0,0,0,0,0,0,1,1,1,1,1,1,1,1,1,1,1,1,1,1,0,1,0,1,PEDRO REYES BARBOZA
C.A.P.III PUENTE PIEDRA,-77.0801015,-11.8628636,C.A.P.III,8357,0,5509,15,5,11,0,0,0,0,0,0,0,0,0,0,0,0,0,1,1,1,1,0,0,1,1,1,1,0,1,0,1,PUENTE PIEDRA
C.A.P.III PUNCHANA,-73.2472702,-3.7314760999999987,C.A.P.III,2958,804,1548,20,6,8,0,0,0,0,0,0,0,0,0,0,0,0,0,0,0,0,0,0,0,1,1,1,0,1,1,1,1,PUNCHANA
C.A.P.III SAN JUAN DE MIRAFLORES,-76.96966570000002,-12.1644871,C.A.P.III,10926,0,9158,30,12,28,0,0,0,0,0,0,0,0,0,0,0,0,0,1,1,1,1,1,1,1,1,1,1,0,1,0,0,SAN JUAN DE MIRAFLORES
C.A.P.III SURQUILLO,-77.0206474,-12.1044303,C.A.P.III,7451,0,5858,26,9,18,0,0,0,0,0,0,0,0,0,0,0,0,0,0,0,1,1,1,1,1,1,1,1,0,1,0,1,SURQUILLO
C.A.P.III ZARATE,-76.994518,-12.023496699999999,C.A.P.III,12861,0,7944,45,12,24,0,0,0,0,0,0,0,0,0,1,1,1,1,1,1,1,1,1,1,1,1,1,0,0,1,0,0,ZARATE
H.I AGUSTIN ARBULU NEYRA,-79.7932957,-6.6393958,H.I,6195,0,3515,15,7,17,14,5,1,0,1,1,1,0,1,1,1,1,1,1,1,1,1,1,1,1,1,1,1,1,1,1,1,AGUSTIN ARBULU NEYRA
H.I ALBRECHT,-79.0346491,-8.1115197,H.I,15386,0,11156,72,19,42,28,35,1,0,1,1,1,0,1,1,1,1,1,1,1,1,1,0,0,1,1,1,1,1,1,0,0,ALBRECHT
H.I ALTO MAYO,-77.6077865,-5.886184,H.I,6037,0,4954,28,6,12,23,45,1,0,1,1,1,0,1,1,1,1,1,1,1,1,1,1,1,1,1,1,1,0,1,0,1,ALTO MAYO
H.I ANDAHUAYLAS,-73.37676409999997,-13.661651500000001,H.I,6843,1416,3477,34,5,12,22,32,1,0,1,1,1,1,1,1,1,1,1,1,1,1,1,1,1,1,1,1,0,0,1,0,1,ANDAHUAYLAS
H.I ANTONIO SKRABONJA ANTONCICH,-76.196945,-13.7179733,H.I,7140,1719,3492,46,11,15,55,86,1,0,1,1,1,1,1,1,1,1,1,1,1,1,1,1,1,1,1,1,1,0,1,1,1,ANTONIO SKRABONJA ANTONCICH
H.I AURELIO DIAZ UFANO Y PERAL,-76.9955667,-11.968477900000002,H.I,21919,3609,13651,81,22,47,52,208,1,0,1,1,1,1,1,1,1,1,1,1,1,1,1,1,1,1,1,1,1,0,1,0,1,AURELIO DIAZ UFANO Y PERAL
H.I CARLOS ALBERTO CORTEZ JIMENEZ,-80.477633,-3.6095382000000007,H.I,13362,1845,6465,28,10,28,32,69,1,0,1,1,1,1,1,1,1,1,1,1,1,1,1,1,1,1,1,1,1,0,1,1,1,CARLOS ALBERTO CORTEZ JIMENEZ
H.I CARLOS ALCANTARA BUTERFIELD,-76.945527,-12.061822900000001,H.I,17734,2017,10799,92,20,46,50,83,1,0,1,1,1,0,1,1,1,1,1,1,1,1,1,1,1,1,1,1,1,0,1,0,1,CARLOS ALCANTARA BUTERFIELD
H.I CHEPEN,-79.42882569999998,-7.2271893,H.I,4912,0,3219,16,5,6,14,8,1,0,1,1,1,0,1,0,1,1,0,1,1,1,1,1,1,1,1,1,1,0,1,0,0,CHEPEN
H.I CONO SUR,-78.5236678,-9.1245719,H.I,7301,1304,4626,15,8,15,6,17,1,0,0,0,0,0,0,1,1,1,1,1,1,1,1,1,0,1,1,1,0,1,1,0,1,CONO SUR
H.I EDMUNDO ESCOMEL,-71.5087324,-16.4170798,H.I,18087,1970,12552,80,23,48,48,159,1,0,1,1,1,1,1,1,1,1,1,1,1,1,1,1,1,1,1,1,1,0,1,0,1,EDMUNDO ESCOMEL
H.I ESPINAR,-71.405896,-14.787947599999999,H.I,1490,0,1101,11,2,5,7,14,1,0,1,1,1,1,1,1,1,1,1,1,1,1,1,1,1,1,1,0,0,0,1,1,0,ESPINAR
H.I FELIX TORREALVA GUTIERREZ,-75.7267897,-14.071607199999999,H.I,15846,3036,11413,76,16,44,68,72,1,0,1,1,1,1,1,1,1,1,1,1,1,1,1,0,0,1,1,1,1,0,1,1,1,FELIX TORREALVA GUTIERREZ
H.I FLORENCIA DE MORA,-79.02302840000002,-8.0830079,H.I,10013,0,6482,41,14,20,20,56,1,0,1,1,1,1,1,1,1,1,1,1,1,1,1,1,1,1,1,1,1,0,1,0,0,FLORENCIA DE MORA
H.I HEROES DEL CENEPA,-78.14805600000003,-4.651111,H.I,2633,0,1218,12,4,6,13,18,1,0,1,1,1,1,1,1,1,1,1,1,1,1,1,1,1,1,1,1,1,1,1,1,1,HEROES DEL CENEPA
H.I HUARIACA,-76.1885171,-10.444015199999999,H.I,1858,0,820,14,6,6,12,10,1,0,1,1,1,1,1,1,1,1,1,1,1,1,1,1,1,1,1,1,1,0,1,0,0,HUARIACA
H.I JORGE VOTO BERNALES CORPANCHO,-76.94738079999998,-12.0472733,H.I,13964,801,11821,70,17,29,46,341,1,0,1,1,1,0,1,1,1,1,1,1,1,1,1,1,1,1,1,1,1,0,1,1,1,JORGE VOTO BERNALES CORPANCHO
H.I JUANJUI,-76.7278803,-7.173149500000001,H.I,2099,0,1063,12,3,3,10,6,1,0,0,0,0,0,0,0,1,1,1,1,1,1,1,1,1,1,1,1,0,0,1,0,0,JUANJUI
H.I LA ESPERANZA,-79.05527459999998,-8.075620299999999,H.I,8818,0,6502,20,8,15,14,21,1,0,0,1,1,1,1,0,1,1,1,1,1,1,1,1,1,1,1,1,1,0,1,0,0,LA ESPERANZA
H.I LAMPA,-70.3692863,-15.361102599999999,H.I,687,0,461,1,1,1,1,0,1,0,0,0,0,0,0,1,1,1,1,1,1,1,1,1,1,1,1,1,1,0,1,0,0,LAMPA
H.I MARINO MOLINA SCIPPA,-77.05783220000002,-11.943582800000001,H.I,23985,1511,18546,99,23,50,107,316,1,0,1,1,1,1,1,1,1,1,1,1,1,1,1,1,1,1,1,1,1,0,1,0,0,MARINO MOLINA SCIPPA
H.I MOCHE,-79.01260970000001,-8.167579,H.I,5838,0,4330,22,9,10,6,3,1,0,0,0,0,0,0,1,1,1,1,1,1,1,1,1,1,1,1,1,1,1,1,1,1,MOCHE
H.I NAYLAMP,-79.84253879999999,-6.7762306,H.I,16554,0,10442,46,21,42,40,102,1,0,1,1,1,0,1,1,1,1,1,1,1,1,1,1,1,1,1,1,1,1,1,1,1,NAYLAMP
H.I OXAPAMPA,-75.40001099999998,-10.5750237,H.I,2356,0,1803,12,5,10,14,12,1,0,1,1,1,1,1,1,1,1,1,1,1,1,1,1,1,1,1,1,1,1,1,1,0,OXAPAMPA
H.I PACASMAYO,-79.565078,-7.404005099999999,H.I,2423,0,1520,21,6,7,13,7,1,0,1,1,1,1,1,1,1,1,1,1,1,1,1,1,1,1,1,1,1,0,1,0,0,PACASMAYO
H.I QUILLABAMBA,-72.6919814,-12.868355000000001,H.I,2649,0,1961,10,4,5,9,10,1,0,1,1,1,1,1,1,1,1,1,1,1,1,1,1,1,1,1,0,0,0,1,1,1,QUILLABAMBA
H.I RIOJA,-77.1717963,-6.0670575,H.I,1909,0,1473,8,3,5,7,7,1,0,0,0,0,0,0,0,1,1,1,1,1,1,1,1,1,1,1,1,0,0,1,0,1,RIOJA
H.I SULLANA,-80.68643229999998,-4.903638,H.I,8533,670,4438,25,8,21,31,58,1,0,1,1,1,1,1,1,1,1,1,1,1,1,1,0,0,1,1,1,1,0,1,0,1,SULLANA
H.I TARMA,-75.6874886,-11.397175599999999,H.I,1954,0,1473,8,3,5,4,9,1,0,0,0,0,0,0,1,1,1,1,1,1,1,1,1,1,1,1,0,0,0,1,0,0,TARMA
H.I TINGO MARIA,-76.0060316,-9.3032659,H.I,6658,0,3942,29,8,13,25,42,1,0,1,1,1,1,1,1,1,1,1,1,1,1,1,1,1,1,1,1,1,0,1,0,1,TINGO MARIA
H.I ULDARICO ROCCA FERNANDEZ,-76.93207650000002,-12.2111556,H.I,9478,1732,6745,63,17,24,43,164,1,0,1,1,1,1,1,1,1,1,1,1,1,1,1,1,1,1,1,1,1,0,1,0,1,ULDARICO ROCCA FERNANDEZ
H.I URUBAMBA,-72.1156281,-13.305764100000001,H.I,1290,0,962,6,2,3,6,14,1,0,0,1,0,0,1,0,1,1,1,1,1,1,1,1,1,1,1,0,0,0,1,1,1,URUBAMBA
H.I VICTOR ALFREDO LAZO PERALTA,-69.19883540000001,-12.5813539,H.I,5503,474,3747,31,7,10,29,49,1,1,1,1,1,1,1,1,1,1,1,1,1,1,1,1,1,1,1,1,0,0,1,0,0,VICTOR ALFREDO LAZO PERALTA
H.I VICTOR SOLES GARCIA,-78.7521816,-8.4231047,H.I,2874,0,1685,4,2,4,6,32,1,0,0,0,0,0,0,0,1,1,1,1,1,1,1,1,1,1,1,1,1,0,1,0,1,VICTOR SOLES GARCIA
H.I YURIMAGUAS,-76.1129048,-5.900771700000001,H.I,2799,0,1743,13,4,7,11,19,1,0,1,1,1,0,1,1,1,1,0,1,1,1,1,1,1,1,1,1,0,0,1,0,0,YURIMAGUAS
H.II ABANCAY,-72.896801,-13.641832999999998,H.II,10426,2480,7218,64,15,23,42,58,1,1,1,1,1,1,1,1,1,1,1,1,1,1,1,1,1,1,1,1,1,0,1,0,0,ABANCAY
H.II ALBERTO HURTADO ABADIA,-77.013336,-12.192294699999998,H.II,5349,336,3278,30,11,22,45,31,1,0,1,1,1,1,1,1,1,1,1,1,1,1,1,1,1,1,1,1,1,0,1,0,0,ALBERTO HURTADO ABADIA
H.II CAJAMARCA,-78.50884409999998,-7.1596125,H.II,15158,551,8768,86,22,34,51,134,1,1,1,1,1,1,1,1,1,1,1,1,1,1,1,0,0,1,1,1,1,0,1,1,1,CAJAMARCA
H.II CARLOS TUPPIA GARCIA GODOS,-74.2011016,-13.1752959,H.II,9340,0,4819,63,13,21,63,108,1,1,1,1,1,1,1,1,1,1,1,1,1,1,1,1,1,1,1,1,1,0,1,1,0,CARLOS TUPPIA GARCIA GODOS
H.II CERRO DE PASCO,-76.26519750000001,-10.6861364,H.II,9950,537,5226,62,14,27,52,90,1,1,1,1,1,1,1,1,1,1,1,1,1,1,1,1,1,1,1,1,1,0,1,0,0,CERRO DE PASCO
H.II CHOCOPE,-79.22167639999998,-7.7926750999999985,H.II,8414,0,5247,52,16,25,64,74,1,1,1,1,1,1,1,1,1,1,1,1,1,1,1,1,1,1,1,1,0,0,1,0,0,CHOCOPE
H.II GUSTAVO LANATTA LUJAN,-77.6088697,-11.1135243,H.II,12680,1318,8909,70,20,35,113,168,1,1,1,1,1,1,1,1,1,1,1,1,1,1,1,1,1,1,1,1,1,0,1,0,1,GUSTAVO LANATTA LUJAN
H.II HUANCAVELICA,-74.9890025,-12.7832573,H.II,7388,606,4075,53,15,30,23,50,1,1,1,1,1,1,1,1,1,1,1,1,1,1,1,1,1,1,1,1,1,0,1,1,1,HUANCAVELICA
H.II HUANUCO,-76.2394027,-9.9372551,H.II,14923,3872,11485,78,20,27,68,148,1,1,1,1,1,1,1,1,1,1,1,1,1,1,1,1,1,1,1,1,1,0,1,0,1,HUANUCO
H.II HUARAZ,-77.53811689999998,-9.4934694,H.II,9384,574,6912,59,16,21,47,92,1,1,1,1,1,1,1,1,1,1,1,1,1,1,1,0,0,1,1,1,1,0,1,0,1,HUARAZ
H.II ILO,-71.3428317,-17.6423178,H.II,10039,214,5648,39,18,21,24,35,1,1,1,1,1,1,1,1,1,1,1,1,1,1,1,1,1,1,1,1,1,1,1,1,1,ILO
H.II JAEN,-78.8008309,-5.7134468,H.II,6765,0,4014,29,5,9,26,50,1,0,1,1,1,0,1,1,1,1,1,1,1,1,1,1,1,1,1,1,1,0,1,0,0,JAEN
H.II JORGE REATEGUI DELGADO,-80.6362576,-5.1935186999999985,H.II,16333,6986,12017,72,27,44,109,163,1,0,1,1,1,1,1,1,1,1,1,1,1,1,1,0,0,1,1,1,1,0,1,0,0,JORGE REATEGUI DELGADO
H.II MOQUEGUA,-70.95415320000002,-17.194668399999998,H.II,10536,3029,7018,52,14,28,33,41,1,0,1,1,1,1,1,1,1,1,1,1,1,1,1,1,1,1,1,1,1,1,1,1,1,MOQUEGUA
H.II PUCALLPA,-74.54635619999998,-8.390568199999999,H.II,23608,3419,15757,68,37,85,97,135,1,1,1,1,1,1,1,1,1,1,1,1,1,1,1,1,1,1,1,1,1,0,1,0,0,PUCALLPA
H.II RAMON CASTILLA,-77.04399430000002,-12.0446089,H.II,21907,2756,15612,87,20,50,49,103,1,0,1,1,1,0,1,1,1,1,1,1,1,1,1,1,1,1,1,1,1,0,1,0,1,RAMON CASTILLA
H.II SAN ISIDRO LABRADOR,-76.9479233,-12.046271899999999,H.II,0,0,0,0,0,0,156,0,1,0,0,0,0,0,0,0,0,0,0,1,0,1,0,1,0,0,1,1,1,0,0,0,0,SAN ISIDRO LABRADOR
H.II TARAPOTO,-76.3713254,-6.4735739,H.II,12295,2016,8194,57,21,43,65,140,1,1,1,1,1,1,1,1,1,1,1,1,1,1,1,1,1,1,1,1,1,0,1,1,0,TARAPOTO
H.II VITARTE,-76.92374989999998,-12.027027499999999,H.II,19533,1843,11956,94,25,45,68,0,1,0,1,1,1,0,1,1,1,1,1,1,1,1,1,1,1,1,1,1,1,0,0,0,0,VITARTE
H.III CAYETANO HEREDIA,-77.05501989999998,-12.0225013,H.III,13064,1267,7978,108,32,50,198,212,1,1,1,1,1,1,1,1,1,1,1,1,1,1,1,1,1,1,1,1,1,0,0,0,1,CAYETANO HEREDIA
H.III GUILLERMO KAELIN DE LA FUENTE,-76.94027299999998,-12.1774727,H.III,25755,0,17619,232,58,144,161,338,1,1,1,1,1,1,1,1,1,1,1,1,1,1,1,0,0,1,1,1,1,0,0,0,0,GUILLERMO KAELIN DE LA FUENTE
H.III IQUITOS,-73.25163260000002,-3.7436735,H.III,14838,3659,9151,79,25,34,100,171,1,1,1,1,1,1,1,1,1,1,1,1,1,1,1,1,1,1,1,0,0,0,0,0,0,IQUITOS
H.III JULIACA,-70.1638135,-15.493537300000002,H.III,14298,2009,8981,76,32,47,81,104,1,1,1,1,1,0,1,1,1,1,0,1,1,1,1,1,1,1,1,1,1,0,1,1,1,JULIACA
H.III PUNO,-70.02188050000001,-15.8402218,H.III,14793,428,9088,73,22,44,66,92,1,1,1,1,1,1,1,1,1,1,1,1,1,1,1,0,0,1,1,1,1,0,1,0,0,PUNO
H.III TACNA DANIEL ALCIDES CARRION,-70.203839,-17.9795332,H.III,11648,1624,7130,104,14,26,114,110,1,1,1,1,1,1,1,1,1,1,1,1,1,1,1,0,0,1,1,1,1,0,1,0,0,TACNA DANIEL ALCIDES CARRION
H.III YANAHUARA,-71.54444759999998,-16.397038000000002,H.III,32072,3203,21706,156,46,80,161,335,1,1,1,1,1,1,1,1,1,1,1,1,1,1,1,1,1,1,1,1,1,1,1,0,1,YANAHUARA
H.IV AUGUSTO HERNANDEZ MENDOZA,-75.73808840000002,-14.065578599999998,H.IV,14567,0,9242,116,22,32,108,169,1,1,1,1,1,1,1,1,1,1,1,1,1,1,1,1,1,1,1,1,1,0,0,0,0,AUGUSTO HERNANDEZ MENDOZA
H.IV VICTOR LAZARTE ECHEGARAY,-79.0120577,-8.0996179,H.IV,16335,0,8903,150,30,53,225,313,1,1,1,1,1,1,1,1,1,1,1,1,1,1,1,1,1,1,1,1,1,0,0,0,1,VICTOR LAZARTE ECHEGARAY
H.N. ADOLFO GUEVARA VELASCO,-71.9597694,-13.5254125,H.N.,14711,0,9127,159,31,38,277,297,1,1,1,1,1,1,1,1,1,1,1,1,1,1,1,1,1,1,1,1,1,0,1,0,1,ADOLFO GUEVARA VELASCO
H.N. ALBERTO SABOGAL SOLOGUREN,-77.12243559999997,-12.0641753,H.N.,33374,0,21883,289,61,92,397,250,1,1,1,1,1,1,1,1,1,1,1,1,1,1,1,1,1,1,1,1,1,0,1,1,0,ALBERTO SABOGAL SOLOGUREN
H.N. ALMANZOR AGUINAGA ASENJO,-79.83072469999998,-6.7732639999999975,H.N.,22757,0,14395,215,51,63,384,186,1,1,1,1,1,0,1,1,1,1,1,1,1,1,1,0,0,1,1,1,1,0,1,0,0,ALMANZOR AGUINAGA ASENJO
H.N. CARLOS ALBERTO SEGUIN ESCOBEDO,-71.5292788,-16.394878,H.N.,21084,0,14111,255,45,68,315,90,1,1,1,1,1,1,1,1,1,1,1,1,1,1,1,1,1,1,1,1,1,0,1,1,0,CARLOS ALBERTO SEGUIN ESCOBEDO
H.N. EDGARDO REBAGLIATI MARTINS,-77.04044250000003,-12.078715800000001,H.N.,69103,0,44894,799,118,217,1372,613,1,1,1,1,1,1,1,1,1,1,1,1,1,1,1,1,1,1,1,1,1,0,1,1,1,EDGARDO REBAGLIATI MARTINS
H.N. GUILLERMO ALMENARA IRIGOYEN,-77.02238179999998,-12.0585903,H.N.,44819,363,30407,515,132,147,821,219,1,1,1,1,1,1,1,1,1,1,1,1,1,1,1,1,1,1,1,1,1,0,1,0,0,GUILLERMO ALMENARA IRIGOYEN
H.N. RAMIRO PRIALE PRIALE,-75.22874499999998,-12.0519695,H.N.,16312,0,10230,152,37,56,265,255,1,1,1,1,1,1,1,1,1,1,1,1,1,1,1,1,1,1,1,1,1,0,1,0,0,RAMIRO PRIALE PRIALE
P.M. ACARI,-74.6180833,-15.438456500000001,P.M.,302,0,183,1,1,1,0,0,0,0,0,0,0,0,0,0,0,1,1,0,0,0,0,0,0,1,1,0,0,0,1,0,0,ACARI
P.M. ACOBAMBA,-74.569682,-12.8435129,P.M.,1343,0,451,1,1,2,0,0,0,0,0,0,0,0,0,0,1,1,0,1,1,0,0,0,0,1,1,0,0,0,1,0,0,ACOBAMBA
P.M. AGUAYTIA,-75.51311170000002,-9.0395314,P.M.,563,0,386,2,1,2,0,1,0,0,0,0,0,0,0,0,0,1,1,0,0,0,0,0,0,1,1,0,0,0,1,0,0,AGUAYTIA
P.M. ALAMEDA,-74.5787893,-8.3759779,P.M.,2715,0,1753,8,3,8,0,0,0,0,0,0,0,0,0,0,0,1,1,1,1,0,0,0,0,1,1,1,0,0,1,0,0,ALAMEDA
P.M. ANDAYCHAGUA,-76.01180759999998,-11.743077900000001,P.M.,190,0,94,1,1,1,0,0,0,0,0,0,0,0,0,0,1,1,0,1,1,0,0,0,0,1,1,0,0,0,1,0,0,ANDAYCHAGUA
P.M. ATALAYA,-73.7637708,-10.720934800000002,P.M.,869,0,445,3,2,3,0,4,0,0,0,0,0,0,0,0,0,1,1,1,1,0,0,0,0,1,1,1,0,0,1,0,0,ATALAYA
P.M. ATICO,-73.6118017,-16.2265215,P.M.,391,0,185,1,1,1,0,0,0,0,0,0,0,0,0,0,0,1,0,0,0,0,0,0,0,1,1,0,0,0,1,0,0,ATICO
P.M. AUCAYACU,-76.1116997,-8.928324,P.M.,612,0,434,1,1,1,0,0,0,0,0,0,0,0,0,0,1,1,1,1,1,0,0,0,0,1,1,1,0,0,1,1,0,AUCAYACU
P.M. AYABACA,-79.7154042,-4.640713,P.M.,430,0,260,1,1,1,0,0,0,0,0,0,0,0,0,0,0,0,0,0,0,0,0,0,0,1,1,0,0,0,1,0,0,AYABACA
P.M. BAMBAMARCA,-78.5192276,-6.679586599999999,P.M.,690,0,506,2,1,1,0,0,0,0,0,0,0,0,0,0,1,1,1,0,0,0,0,0,0,1,1,0,0,0,1,0,0,BAMBAMARCA
P.M. BELLAVISTA,-76.5858425,-7.0582517000000005,P.M.,965,0,405,2,1,2,0,0,0,0,0,0,0,0,0,0,0,0,0,0,0,0,0,0,0,1,1,0,0,0,1,1,0,BELLAVISTA
P.M. BOLIVAR,-77.7031871,-7.1543335999999975,P.M.,301,0,80,1,1,1,0,0,0,0,0,0,0,0,0,0,1,1,1,0,0,0,0,0,0,0,1,0,0,0,1,1,0,BOLIVAR
P.M. CABANA,-78.0045224,-8.3962963,P.M.,250,0,181,1,1,1,0,0,0,0,0,0,0,0,0,0,1,1,1,0,0,0,0,0,0,1,1,0,0,0,1,0,0,CABANA
P.M. CANCHAQUE,-79.6080967,-5.3755675000000025,P.M.,321,0,259,1,1,1,0,0,0,0,0,0,0,0,0,0,0,0,0,0,0,0,0,0,0,1,1,0,0,0,1,0,0,CANCHAQUE
P.M. CANGALLO,-74.1952511,-13.5574851,P.M.,491,0,224,2,1,2,0,0,0,0,0,0,0,0,0,0,0,0,0,0,0,0,0,0,0,1,1,0,0,0,1,0,0,CANGALLO
P.M. CARAVELI,-74.6169402,-15.434192800000002,P.M.,231,0,129,1,1,1,0,0,0,0,0,0,0,0,0,0,0,1,0,0,0,0,0,0,0,1,1,0,0,0,1,0,0,CARAVELI
P.M. CARTAVIO,-79.2211476,-7.888932899999999,P.M.,1143,0,752,3,3,3,0,0,0,0,0,0,0,0,0,0,0,0,0,0,0,0,0,0,0,1,1,0,0,0,0,0,0,CARTAVIO
P.M. CASTROVIRREYNA,-75.3157351,-13.279301199999999,P.M.,804,0,479,1,1,2,0,0,0,0,0,0,0,0,0,1,1,1,1,1,1,0,0,0,0,1,1,0,0,0,1,0,0,CASTROVIRREYNA
P.M. CHALA,-74.2560806,-15.8468141,P.M.,276,0,123,1,1,1,0,0,0,0,0,0,0,0,0,0,0,1,0,0,0,0,0,0,0,1,1,0,0,0,1,0,0,CHALA
P.M. CHAO,-78.6772899,-8.5398035,P.M.,802,0,564,3,2,2,0,0,0,0,0,0,0,0,0,0,0,0,0,0,0,0,0,0,0,1,1,0,0,0,1,0,0,CHAO
P.M. CHUCARAPI,-71.7184977,-17.0677552,P.M.,1032,0,420,1,1,1,0,0,0,0,0,0,0,0,0,1,1,1,1,0,0,0,0,0,0,1,1,0,0,0,1,0,0,CHUCARAPI
P.M. CHUQUIBAMBA,-72.6532936,-15.840380900000001,P.M.,350,0,199,1,1,1,0,0,0,0,0,0,0,0,0,0,0,1,0,0,0,0,0,0,0,1,1,0,0,0,1,0,0,CHUQUIBAMBA
P.M. CHUQUIBAMBILLA,-72.70612309999999,-14.102831699999998,P.M.,829,0,319,1,1,1,0,0,0,0,0,0,0,0,0,0,1,1,1,0,0,0,0,1,0,1,1,0,0,0,1,0,0,CHUQUIBAMBILLA
P.M. COBRIZA,-74.3719431,-12.5930355,P.M.,335,0,192,1,1,1,0,0,0,0,0,0,0,0,0,0,1,1,1,0,0,0,0,0,0,1,1,0,0,0,0,0,0,COBRIZA
P.M. COLQUIJIRCA,-76.2638427,-10.755150800000001,P.M.,1272,0,812,2,1,2,0,0,0,0,0,0,0,0,0,1,1,1,1,1,1,0,0,0,0,1,1,0,0,0,1,0,0,COLQUIJIRCA
P.M. CONCHUCOS,-77.8524505,-8.2660783,P.M.,239,0,140,1,1,1,0,0,0,0,0,0,0,0,0,1,1,1,1,0,0,0,0,0,0,1,1,0,0,0,0,0,0,CONCHUCOS
P.M. CONO NORTE,-71.5625341,-16.3623503,P.M.,290,0,156,1,1,1,0,0,0,0,0,0,0,0,0,0,0,0,0,0,0,0,0,0,0,1,1,0,0,0,1,0,0,CONO NORTE
P.M. CONSTRUCCION CIVIL,-77.0232475,-12.0654989,P.M.,1218,0,722,4,3,4,0,0,0,0,0,0,0,0,0,0,0,0,0,0,0,0,0,0,0,1,1,1,0,0,0,0,0,CONSTRUCCION CIVIL
P.M. CONTAMANA,-75.0073022,-7.349964200000001,P.M.,1785,0,435,9,2,5,0,4,0,0,0,0,0,0,0,0,0,1,1,1,1,0,0,0,0,1,1,0,0,0,1,0,0,CONTAMANA
P.M. CONTUMAZA,-78.8049516,-7.3666931999999985,P.M.,743,0,109,1,1,1,0,0,0,0,0,0,0,0,0,0,1,1,1,0,0,0,0,0,0,1,1,0,0,0,1,1,0,CONTUMAZA
P.M. CORIRE,-72.4709341,-16.223463199999998,P.M.,479,0,207,1,1,1,0,0,0,0,0,0,0,0,0,0,1,1,1,0,0,0,0,0,0,1,1,0,0,0,0,0,0,CORIRE
P.M. CORPACANCHA,-76.2196665,-11.3628436,P.M.,188,0,92,1,1,1,0,0,0,0,0,0,0,0,0,0,1,1,1,0,0,0,0,0,0,1,1,0,0,0,0,0,0,CORPACANCHA
P.M. CURAHUASI,-72.6991752,-13.539007000000002,P.M.,455,0,267,2,1,1,0,0,0,0,0,0,0,0,0,0,1,1,0,0,0,0,0,0,0,1,1,0,0,0,1,0,0,CURAHUASI
P.M. HUANCABAMBA,-79.4703885,-5.3860856,P.M.,664,0,484,2,2,2,0,0,0,0,0,0,0,0,0,0,0,0,0,0,0,0,0,0,0,1,1,0,0,0,1,0,0,HUANCABAMBA
P.M. HUANCANE,-69.76206690000001,-15.2003298,P.M.,1026,0,669,2,2,2,0,0,0,0,0,0,0,0,0,0,1,1,0,1,1,1,1,1,1,1,1,1,0,0,1,1,0,HUANCANE
P.M. HUARON,-76.36566850000001,-11.000230499999999,P.M.,239,0,122,1,1,1,0,0,0,0,0,0,0,0,0,0,1,1,1,0,0,0,0,0,0,1,1,1,0,0,1,0,0,HUARON
P.M. IBERIA,-69.4904811,-11.410309199999999,P.M.,946,0,405,2,2,2,0,0,0,0,0,0,0,0,0,0,1,1,0,1,1,0,0,0,0,1,1,0,0,0,1,1,0,IBERIA
P.M. IGNACIO ESCUDERO,-80.87376850000003,-4.8442379,P.M.,500,0,390,1,1,1,0,0,0,0,0,0,0,0,0,0,0,0,0,0,0,0,0,0,0,1,1,0,0,0,1,0,0,IGNACIO ESCUDERO
P.M. JEQUETEPEQUE,-79.56309190000002,-7.337921400000001,P.M.,320,0,233,1,1,1,0,0,0,0,0,0,0,0,0,0,0,0,0,0,0,0,0,0,0,0,1,0,0,0,0,0,0,JEQUETEPEQUE
P.M. JULI,-69.46202,-16.215239999999998,P.M.,1053,0,467,2,1,2,0,0,0,0,0,0,0,0,0,0,0,1,0,1,1,0,0,0,0,1,1,0,0,0,1,1,0,JULI
P.M. LA CRUZ,-80.4453051,-3.5830898999999996,P.M.,638,0,398,2,1,2,0,0,0,0,0,0,0,0,0,0,1,1,1,0,0,0,0,0,0,1,1,0,0,0,1,0,0,LA CRUZ
P.M. LA QUEBRADA,-77.04986729999997,-12.0860043,P.M.,172,0,150,1,1,1,0,0,0,0,0,0,0,0,0,0,0,0,0,0,0,0,0,0,0,0,1,0,0,0,0,0,0,LA QUEBRADA
P.M. LA UNION,-80.74895649999998,-5.4042072999999995,P.M.,1196,0,571,2,2,2,0,3,0,0,0,0,0,0,0,0,0,0,0,1,1,0,0,0,0,1,1,1,0,1,1,0,1,LA UNION
P.M. LAMAS,-76.5156092,-6.420092299999999,P.M.,931,0,354,2,2,2,0,0,0,0,0,0,0,0,0,0,0,0,0,0,0,0,0,0,0,1,1,0,0,0,1,0,0,LAMAS
P.M. LIMONCARRO,-79.4183427,-7.3037166,P.M.,401,0,235,1,1,1,0,0,0,0,0,0,0,0,0,0,0,0,0,0,0,0,0,0,0,0,1,0,0,0,1,0,0,LIMONCARRO
P.M. LLATA,-76.81585340000002,-9.549971699999999,P.M.,502,0,373,1,1,1,0,0,0,0,0,0,0,0,0,0,1,1,1,1,1,0,0,0,0,1,1,1,0,1,1,0,0,LLATA
P.M. LOCUMBA,-70.7629369,-17.614459,P.M.,338,0,306,1,1,1,0,0,0,0,0,0,0,0,0,0,0,0,0,0,0,0,0,0,0,1,1,0,0,0,1,0,0,LOCUMBA
P.M. MARH TUNEL,-76.047894,-11.6284591,P.M.,318,0,188,1,1,1,0,0,0,0,0,0,0,0,0,0,1,1,0,1,1,0,0,0,0,1,1,0,0,0,1,0,0,MARH TUNEL
P.M. MATARANI,-72.10014340000002,-17.0054057,P.M.,772,0,412,5,1,1,0,0,0,0,0,0,0,0,0,0,1,1,1,0,0,0,0,0,0,1,1,0,0,0,1,1,0,MATARANI
P.M. MAZUCO,-70.3682625,-13.0974726,P.M.,288,0,217,1,1,1,0,0,0,0,0,0,0,0,0,1,1,1,1,0,0,0,0,0,0,1,1,0,0,0,1,0,0,MAZUCO
P.M. MORROPON,-79.96857179999998,-5.1811403,P.M.,2270,0,720,3,2,1,0,0,0,0,0,0,0,0,0,0,0,0,0,0,0,0,0,0,0,1,1,0,0,0,1,1,1,MORROPON
P.M. OLMOS,-79.74526350000002,-5.9892468,P.M.,628,0,429,1,1,1,0,0,0,0,0,0,0,0,0,0,1,1,1,0,0,0,0,0,0,1,1,0,0,0,1,0,0,OLMOS
P.M. OMATE,-70.971972,-16.672609599999998,P.M.,704,0,472,1,1,1,0,0,0,0,0,0,0,0,0,1,0,0,1,0,0,0,0,0,0,1,1,0,0,0,1,1,0,OMATE
P.M. OYON,-76.7735488,-10.6678032,P.M.,1220,0,458,1,1,2,0,1,0,0,0,0,0,0,0,0,1,1,1,1,1,0,0,0,0,1,1,0,0,0,1,0,0,OYON
P.M. OYOTUN,-79.3043021,-6.851955,P.M.,387,0,361,1,1,1,0,0,0,0,0,0,0,0,0,0,1,1,1,0,0,0,0,0,0,1,1,0,0,0,1,0,0,OYOTUN
P.M. PACHACAYO,-75.71347589999998,-11.770568199999998,P.M.,248,0,179,1,1,1,0,0,0,0,0,0,0,0,0,1,1,1,1,0,0,0,0,0,0,1,1,0,0,0,1,1,0,PACHACAYO
P.M. PAIJAN,-79.29866679999998,-7.734248399999998,P.M.,1163,0,847,2,2,2,0,0,0,0,0,0,0,0,0,0,0,0,0,0,0,0,0,0,0,1,1,0,0,0,1,0,0,PAIJAN
P.M. PALLASCA,-77.9990449,-8.253176700000001,P.M.,145,0,82,1,1,1,0,0,0,0,0,0,0,0,0,0,1,1,0,0,0,0,0,0,0,0,1,0,0,0,0,0,0,PALLASCA
P.M. PAMPAS,-77.8970207,-8.195200400000001,P.M.,222,0,116,1,1,1,0,2,0,0,0,0,0,0,0,0,0,1,0,0,0,0,0,0,0,0,1,1,0,0,1,1,0,PAMPAS
P.M. PANAO,-75.9931798,-9.8979032,P.M.,391,0,229,1,1,1,0,0,0,0,0,0,0,0,0,0,1,1,0,1,1,0,0,0,0,1,1,0,0,0,1,0,0,PANAO
P.M. PAUCARTAMBO,-75.737149,-10.759954400000002,P.M.,513,0,465,1,1,1,0,0,0,0,0,0,0,0,0,0,1,1,0,0,0,0,0,0,0,1,1,1,0,0,1,0,0,PAUCARTAMBO
P.M. PISCOBAMBA,-77.3597194,-8.866762099999997,P.M.,554,0,291,1,1,1,0,0,0,0,0,0,0,0,0,1,1,1,1,0,0,0,0,0,0,1,1,0,0,0,1,0,0,PISCOBAMBA
P.M. POZUZO,-75.55168789999998,-10.0680289,P.M.,310,0,170,1,1,2,0,0,0,0,0,0,0,0,0,0,1,1,0,0,0,0,0,0,0,1,1,0,0,0,1,1,0,POZUZO
P.M. PUERTO BERMUDEZ,-74.94133610000002,-10.2928412,P.M.,562,0,314,1,1,2,0,0,0,0,0,0,0,0,0,0,1,1,1,0,0,0,0,0,0,1,1,0,0,0,1,0,0,PUERTO BERMUDEZ
P.M. SAN ISIDRO,-77.05352309999998,-12.1084864,P.M.,104,0,73,1,1,1,0,0,0,0,0,0,0,0,0,0,0,0,0,0,0,0,0,0,0,0,1,0,0,0,0,0,0,SAN ISIDRO
P.M. SAN MIGUEL,0.0,0.0,P.M.,511,0,384,1,1,1,0,0,0,0,0,0,0,0,0,0,0,1,1,0,0,0,0,0,0,1,1,0,0,0,1,1,0,SAN MIGUEL
P.M. SAN PEDRO DE CAJAS,-75.8577528,-11.2493815,P.M.,126,0,69,1,1,1,0,0,0,0,0,0,0,0,0,0,1,1,1,0,0,0,0,0,0,1,1,0,0,0,1,0,0,SAN PEDRO DE CAJAS
P.M. SANTA LUCIA,-76.4466782,-8.371648700000001,P.M.,569,0,424,1,1,1,0,0,0,0,0,0,0,0,0,1,1,1,1,1,1,0,0,0,0,1,1,0,0,0,1,1,1,SANTA LUCIA
P.M. SANTA RITA,-72.0948819,-16.493969099999994,P.M.,469,0,210,1,1,1,0,0,0,0,0,0,0,0,0,0,0,1,1,0,0,0,0,0,0,1,1,0,0,0,1,0,0,SANTA RITA
P.M. SANTIAGO DE CAO,-79.23947609999998,-7.9551186000000005,P.M.,175,0,140,1,1,1,0,0,0,0,0,0,0,0,0,0,0,0,0,0,0,0,0,0,0,1,1,0,0,0,1,0,0,SANTIAGO DE CAO
P.M. SANTIAGO DE CHUCO,-78.1721189,-8.146883599999999,P.M.,587,0,461,2,1,2,0,0,0,0,0,0,0,0,0,0,0,0,0,1,1,0,0,0,0,1,1,0,0,0,1,0,0,SANTIAGO DE CHUCO
P.M. SAPOSOA,-76.7711626,-6.9353405,P.M.,557,0,324,1,1,1,0,0,0,0,0,0,0,0,0,0,0,0,0,0,0,0,0,0,0,1,1,0,0,0,1,1,0,SAPOSOA
P.M. SECHURA,-80.81877440000002,-5.562239599999999,P.M.,410,0,266,1,1,1,0,0,0,0,0,0,0,0,0,0,0,0,0,0,0,0,0,0,0,1,1,1,0,0,1,0,0,SECHURA
P.M. TEMBLADERA,-79.129784,-7.2538172,P.M.,444,0,183,1,1,1,0,0,0,0,0,0,0,0,0,0,0,1,1,0,0,0,0,0,0,1,1,0,0,0,1,1,0,TEMBLADERA
P.M. TOCACHE,-76.5148645,-8.189367200000001,P.M.,1445,0,733,3,3,4,0,0,0,0,0,0,0,0,0,1,1,1,0,1,1,0,0,0,0,1,1,1,0,0,1,1,1,TOCACHE
P.M. TUCUME,-79.84293129999998,-6.5168756,P.M.,574,0,355,1,1,1,0,0,0,0,0,0,0,0,0,0,0,1,1,0,0,0,0,0,0,1,1,1,0,1,1,0,0,TUCUME
P.M. VILCASHUAMAN,-73.9521468,-13.6541087,P.M.,483,0,208,2,1,2,0,0,0,0,0,0,0,0,0,0,0,0,0,0,0,0,0,0,0,1,1,0,0,0,1,0,0,VILCASHUAMAN
P.M. VITOR,-71.93692970000002,-16.466225899999998,P.M.,230,0,109,1,1,1,0,0,0,0,0,0,0,0,0,0,0,1,0,0,0,0,0,0,0,1,1,1,0,0,1,0,0,VITOR
P.M. YAURICOCHA,-75.28304299999998,-12.905619999999999,P.M.,506,0,322,2,1,1,0,0,0,0,0,0,0,0,0,1,1,1,1,0,0,0,0,0,0,1,1,0,0,0,0,0,0,YAURICOCHA
P.M. YUNGAY,-77.7423469,-9.1384166,P.M.,457,0,406,1,1,1,0,0,0,0,0,0,0,0,0,1,1,1,1,0,0,0,0,0,0,1,1,0,0,0,1,0,0,YUNGAY
P.M. YUNGUYO,-69.0907993,-16.2460645,P.M.,1106,0,332,1,1,2,0,0,0,0,0,0,0,0,0,0,0,1,0,1,1,0,0,0,0,1,1,1,0,0,1,0,0,YUNGUYO
P.M. ZARUMILLA,-80.2711588,-3.4949817000000003,P.M.,1208,0,466,3,2,3,0,0,0,0,0,0,0,0,0,0,1,1,1,0,0,0,0,0,0,1,1,0,0,0,1,0,0,ZARUMILLA
P.M. ZORRITOS,-80.67985209999998,-3.6817005,P.M.,860,0,509,2,2,2,0,0,0,0,0,0,0,0,0,0,1,1,1,0,0,0,0,0,0,1,1,1,0,0,1,0,0,ZORRITOS
POL. AGUSTIN GAVIDIA SALCEDO,-79.90646059999997,-6.7085088000000015,POL.,3943,0,3073,12,6,9,0,1,0,0,0,0,0,0,0,0,1,1,0,1,1,1,1,1,1,1,1,1,1,1,1,0,1,AGUSTIN GAVIDIA SALCEDO
POL. AZANGARO,-70.19762220000001,-14.912630300000002,POL.,1781,0,1214,3,2,2,0,1,0,0,0,0,0,0,0,0,1,1,1,1,1,1,1,1,1,1,1,1,0,0,1,0,0,AZANGARO
POL. CHOSICA,-76.69957190000002,-11.9384942,POL.,7419,568,5736,23,8,15,0,0,0,0,0,0,0,0,0,1,1,1,1,1,1,1,1,1,1,1,1,1,1,0,1,0,0,CHOSICA
POL. EL PORVENIR,-79.0072782,-8.0746418,POL.,5663,0,4535,11,9,12,12,6,1,0,0,1,1,1,1,0,1,1,1,1,1,1,1,1,1,1,1,1,1,1,1,1,0,EL PORVENIR
POL. FIORI,-77.05926889999998,-12.0099265,POL.,9291,0,6704,17,10,19,0,0,0,0,0,0,0,0,0,1,1,1,1,1,1,1,1,1,1,1,1,1,1,1,1,1,1,FIORI
POL. FRANCISCO PIZARRO,-77.0351271,-12.037017500000001,POL.,14765,196,10811,29,15,32,0,0,0,0,0,0,0,0,0,0,1,1,0,1,1,1,1,1,1,1,1,1,1,0,1,0,1,FRANCISCO PIZARRO
POL. ILAVE,-69.6384724,-16.0825395,POL.,1172,0,677,3,1,3,0,0,0,0,0,0,0,0,0,0,0,1,0,1,1,0,0,0,0,1,1,1,0,0,1,0,1,ILAVE
POL. IPRESS CLINICA UNIVERSITARIA,-77.059539,-11.9514079,POL.,12994,1935,9201,45,20,33,0,0,0,0,0,0,0,0,0,0,0,0,0,1,1,1,1,0,0,1,1,1,0,0,1,0,0,IPRESS CLINICA UNIVERSITARIA
POL. IPRESS SAN MIGUEL ARCANGEL,-77.0104022,-11.972208,POL.,11543,0,6762,66,13,26,0,0,0,0,0,0,0,0,0,0,0,1,1,1,1,1,1,1,1,1,1,1,1,0,1,0,0,IPRESS SAN MIGUEL ARCANGEL
POL. IPRESS SUIZA LAB,-77.03149659999998,-12.113525099999999,POL.,8442,0,5294,48,28,50,0,0,0,0,0,0,0,0,0,0,0,0,0,1,1,1,1,0,0,1,1,1,1,0,1,0,0,IPRESS SUIZA LAB
POL. IPRESS VILLA SALUD,-76.93180290000002,-12.20396,POL.,9760,659,6641,43,19,19,0,0,0,0,0,0,0,0,0,0,0,0,0,1,1,1,1,0,0,1,1,1,1,0,1,0,0,IPRESS VILLA SALUD
POL. JAUJA,-75.4869033,-11.780623599999998,POL.,1557,0,1148,3,2,3,0,0,0,0,0,0,0,0,0,0,1,1,1,1,1,0,0,0,0,1,1,0,0,0,1,0,0,JAUJA
POL. JUAN JOSE RODRIGUEZ LAZO,-77.00464129999997,-12.1783831,POL.,16491,1314,11504,50,17,41,0,0,0,0,0,0,0,0,0,1,1,1,1,1,1,1,1,1,1,1,1,1,1,0,1,0,1,JUAN JOSE RODRIGUEZ LAZO
POL. PABLO BERMUDEZ,-77.0383208,-12.072353199999998,POL.,19308,319,13177,49,26,57,0,0,0,0,0,0,0,0,0,1,1,1,1,1,1,1,1,1,1,1,1,1,1,0,1,0,1,PABLO BERMUDEZ
POL. PROCERES,-76.98853670000003,-12.1507384,POL.,9410,257,7522,27,10,27,0,0,0,0,0,0,0,0,0,1,1,1,1,1,1,1,1,1,1,1,1,1,1,0,1,0,1,PROCERES
POL. SAN LUIS,-76.99198249999998,-12.073227699999999,POL.,10413,188,6177,23,11,22,0,0,0,0,0,0,0,0,0,1,1,1,1,1,1,1,1,1,1,1,1,1,1,0,1,0,1,SAN LUIS
POL. SAN SEBASTIAN,-71.90866949999999,-13.5339843,POL.,2549,658,1845,6,4,5,0,1,0,0,0,0,0,0,0,0,1,1,1,1,1,1,1,1,1,1,1,0,0,0,1,0,1,SAN SEBASTIAN
POL. VICTOR LARCO HERRERA,-79.04994610000001,-8.1377197,POL.,5940,0,4223,14,6,14,0,0,0,0,0,0,0,0,0,0,0,0,0,1,1,0,0,0,0,1,1,1,1,0,1,1,1,VICTOR LARCO HERRERA
C.A.P.I  LARAQUERI,0.0,0.0,C.A.P.I,117,0,70,1,1,1,0,0,0,0,0,0,0,0,0,0,0,0,0,0,0,0,0,0,0,1,1,0,0,0,0,0,0,LARAQUERI
C.A.P.I CHICAMA,-79.4338188,-7.7001724000000005,C.A.P.I,1080,0,735,4,1,2,0,0,0,0,0,0,0,0,0,0,0,0,0,0,0,0,0,0,0,1,1,0,0,0,1,0,0,CHICAMA
C.A.P.I CHIVAY,-71.60204379999998,-15.638845499999999,C.A.P.I,492,0,246,1,1,1,0,0,0,0,0,0,0,0,0,0,0,1,0,0,0,0,0,0,0,1,1,0,0,0,1,1,0,CHIVAY
C.A.P.I SAN CLEMENTE,0.0,0.0,C.A.P.I,931,0,521,2,2,2,0,0,0,0,0,0,0,0,0,0,0,0,0,1,1,0,0,0,0,1,1,1,0,0,1,0,0,SAN CLEMENTE
C.A.P.I SANTO TOMAS,0.0,0.0,C.A.P.I,445,0,385,2,1,2,0,0,0,0,0,0,0,0,0,0,0,1,1,0,0,0,0,0,0,1,1,0,0,0,1,0,0,SANTO TOMAS
C.A.P.I UCHIZA,-76.46199109999998,-8.4592507,C.A.P.I,877,0,598,1,1,2,0,0,0,0,0,0,0,0,0,0,0,0,0,1,1,0,0,0,0,1,1,1,0,0,1,1,0,UCHIZA
C.A.P.I YURA,0.0,0.0,C.A.P.I,518,0,383,2,1,1,0,0,0,0,0,0,0,0,0,0,1,1,0,0,0,0,0,0,0,0,1,0,0,0,1,0,0,YURA
C.A.P.II BAÑOS DEL INCA,-78.468452,-7.156113,C.A.P.II,1014,0,537,2,1,1,0,0,0,0,0,0,0,0,0,0,1,1,1,0,0,0,0,0,0,1,1,1,0,1,1,1,1,BAÑOS DEL INCA
C.A.P.II CHILCA,-75.19904050000002,-12.0864385,C.A.P.II,3400,171,2500,6,4,6,0,0,0,0,0,0,0,0,0,0,0,0,0,1,1,0,0,0,0,1,1,1,0,0,1,0,1,CHILCA
C.A.P.II CHINCHEROS,-72.0514291,-13.3964033,C.A.P.II,831,0,326,1,1,1,0,0,0,0,0,0,0,0,0,1,1,1,1,1,1,0,0,0,0,1,1,1,0,0,1,0,0,CHINCHEROS
C.A.P.II LA TINGUIÑA,-75.7051647,-14.0393995,C.A.P.II,2607,0,1755,4,3,4,0,0,0,0,0,0,0,0,0,0,1,1,0,1,1,1,1,1,1,1,1,1,0,0,1,0,0,LA TINGUIÑA
C.A.P.II MACACONA,0.0,0.0,C.A.P.II,2358,0,1655,3,2,3,0,0,0,0,0,0,0,0,0,0,0,1,0,1,1,0,0,0,0,1,1,1,0,0,1,0,0,MACACONA
C.A.P.II SOLEDAD,0.0,0.0,C.A.P.II,427,0,369,1,1,1,0,0,0,0,0,0,0,0,0,0,0,0,0,0,0,0,0,0,0,1,1,0,0,0,1,0,0,SOLEDAD
C.A.P.III BELLAVISTA.,0.0,0.0,C.A.P.III,7099,0,5472,21,10,15,0,0,0,0,0,0,0,0,0,0,0,0,0,1,1,1,1,1,1,1,1,1,1,0,1,0,0,BELLAVISTA.
C.A.P.III ENRRIQUEZ ENCINAS FRANCO,0.0,0.0,C.A.P.III,1145,0,950,2,2,2,0,0,0,0,0,0,0,0,0,0,0,0,0,1,1,0,0,0,0,1,1,1,0,1,1,0,1,ENRRIQUEZ ENCINAS FRANCO
C.A.P.III HNA MARIA DONROSE SUTMOLLER,-77.1243942,-11.8865243,C.A.P.III,11717,1329,6714,29,12,24,0,3,0,0,0,0,0,0,0,1,1,1,1,1,1,1,1,1,1,1,1,1,1,0,1,0,1,HNA MARIA DONROSE SUTMOLLER
C.A.P.III IPRESS BARRANCO,-77.01874839999998,-12.147307000000001,C.A.P.III,6444,141,4771,39,14,23,0,0,0,0,0,0,0,0,0,0,0,0,0,1,1,1,1,0,0,1,1,1,1,0,1,0,0,IPRESS BARRANCO
C.A.P.III IPRESS JESUS MARÍA,-77.04352890000001,-12.0750295,C.A.P.III,12003,0,6765,56,12,19,0,0,0,0,0,0,0,0,0,0,1,1,1,1,1,1,1,1,1,1,1,1,1,0,1,0,0,IPRESS JESUS MARÍA
C.A.P.III IPRESS MAGDALENA,-77.06728309999998,-12.0905112,C.A.P.III,12850,0,8605,47,21,32,0,0,0,0,0,0,0,0,0,0,0,0,0,1,1,1,1,1,1,1,1,1,0,1,1,1,1,IPRESS MAGDALENA
C.A.P.III IQUITOS.,-73.2472702,-3.7314760999999987,C.A.P.III,5522,1031,3192,27,7,27,0,0,0,0,0,0,0,0,0,0,0,0,0,0,0,0,0,0,0,1,1,1,0,0,1,1,0,IQUITOS.
C.A.P.III LOS OLIVOS,0.0,0.0,C.A.P.III,20404,2771,13412,55,51,77,0,0,0,0,0,0,0,0,0,0,0,0,0,1,1,1,1,1,1,1,1,1,0,0,1,0,0,LOS OLIVOS
C.A.P.III METROPOLITANO DE HUANUCO,-76.2445382,-9.9336317,C.A.P.III,5673,0,3437,8,6,15,0,0,0,0,0,0,0,0,0,0,0,0,0,1,1,1,1,1,1,1,1,1,1,0,1,0,1,METROPOLITANO DE HUANUCO
C.A.P.III METROPOLITANO DE PIURA,-80.6548882,-5.1782884000000005,C.A.P.III,5226,0,3810,9,6,9,0,0,0,0,0,0,0,0,0,0,1,1,1,0,0,0,0,0,0,1,1,1,0,0,1,0,1,METROPOLITANO DE PIURA
C.A.P.III METROPOLITANO DE TACNA,-70.25098050000001,-18.0135031,C.A.P.III,4737,0,3800,7,5,9,0,0,0,0,0,0,0,0,0,0,0,0,0,1,1,1,1,1,1,1,1,1,1,0,1,0,1,METROPOLITANO DE TACNA
C.A.P.III METROPOLITANO DE TRUJILLO,-79.01982480000002,-8.127396899999999,C.A.P.III,6145,0,5371,13,9,9,0,0,0,0,0,0,0,0,0,0,0,0,0,1,1,0,0,0,0,1,1,1,1,0,1,0,0,METROPOLITANO DE TRUJILLO
C.A.P.III METROPOLITANO DEL CALLAO,-77.1177282,-12.0670123,C.A.P.III,4397,0,3006,16,6,10,0,0,0,0,0,0,0,0,0,0,0,0,0,1,1,1,1,1,1,1,1,1,1,0,1,0,0,METROPOLITANO DEL CALLAO
C.A.P.III METROPOLITANO,-77.1177282,-12.0670123,C.A.P.III,4421,0,3171,9,5,10,0,0,0,0,0,0,0,0,0,0,0,0,0,1,1,1,1,1,1,1,1,1,1,1,1,0,1,METROPOLITANO
C.A.P.III REQUENA,0.0,0.0,C.A.P.III,1250,0,900,3,2,2,0,0,0,0,0,0,0,0,0,0,0,1,0,1,1,1,1,1,1,1,1,1,0,0,1,1,0,REQUENA
C.A.P.III SAN ISIDRO.,-77.05352309999998,-12.1084864,C.A.P.III,4003,0,3380,15,7,11,0,0,0,0,0,0,0,0,0,0,0,0,0,1,1,1,1,1,1,1,1,1,0,0,1,0,0,SAN ISIDRO.
C.M. C.A.I. DE DIABETES E HIPERTENSION,0.0,0.0,C.M.,2521,0,765,9,5,8,0,0,0,0,0,0,0,0,0,0,0,0,0,0,0,1,1,0,0,0,1,1,0,0,0,0,0,C.A.I. DE DIABETES E HIPERTENSION
C.M. MACHU PICCHU,-72.5449629,-13.163141199999998,C.M.,313,0,199,1,1,1,0,0,0,0,0,0,0,0,0,0,0,1,1,0,0,0,0,0,0,1,1,0,0,0,1,0,0,MACHU PICCHU
C.M. METROPOLITANO.,0.0,0.0,C.M.,10471,2572,7754,26,10,20,0,0,0,0,0,0,0,0,0,0,0,0,0,0,0,0,0,0,0,1,1,1,1,0,1,0,1,METROPOLITANO.
C.M. PAMPAS.,0.0,0.0,C.M.,1454,0,701,2,2,4,0,0,0,0,0,0,0,0,0,1,1,1,0,1,1,1,1,1,1,1,1,1,0,0,1,0,0,PAMPAS.
C.M. PAUCARTAMBO.,-75.737149,-10.759954400000002,C.M.,404,0,223,1,1,2,0,0,0,0,0,0,0,0,0,0,1,1,1,0,0,1,1,1,1,1,1,0,0,0,1,0,0,PAUCARTAMBO.
C.M. SAN FRANCISCO.,0.0,0.0,C.M.,3441,1073,2495,9,6,7,0,0,0,0,0,0,0,0,0,0,0,0,0,1,1,1,1,1,1,1,1,0,0,0,1,0,0,SAN FRANCISCO.
H.I CLINICA UNIVERSITARIA UNA - ESSALUD,0.0,0.0,H.I,3008,0,943,8,6,8,3,0,1,0,0,1,0,1,1,0,1,1,0,1,1,1,1,1,1,1,1,1,0,1,1,1,0,CLINICA UNIVERSITARIA UNA - ESSALUD
H.I EL BUEN SAMARITANO,0.0,0.0,H.I,3169,0,2245,13,5,13,13,25,1,0,1,1,1,1,1,1,1,1,1,1,1,1,1,1,1,1,1,1,0,1,1,0,1,EL BUEN SAMARITANO
H.I HIGOS URCO,0.0,0.0,H.I,4674,0,2766,23,12,23,18,35,1,0,1,1,1,1,1,1,1,1,1,1,1,1,1,0,0,1,1,1,1,1,1,0,1,HIGOS URCO
H.I HOSP. SELVA CENTRAL ENF. TROPICALES,0.0,0.0,H.I,4224,167,2349,20,7,10,20,39,1,0,1,1,1,1,1,1,1,1,1,1,1,1,1,1,1,1,1,1,1,0,1,0,0,HOSP. SELVA CENTRAL ENF. TROPICALES
H.I MARIA REICHE NEUMAN,-74.96073759999999,-14.854662099999999,H.I,3030,0,1895,7,5,7,11,12,1,0,1,1,1,1,1,1,1,1,1,1,1,1,1,0,0,1,1,1,0,0,1,0,0,MARIA REICHE NEUMAN
H.I MIGUEL CRUZADO VERA,0.0,0.0,H.I,4112,758,2527,12,6,8,19,23,1,0,0,1,1,1,1,1,1,1,1,1,1,1,1,1,1,1,1,1,0,0,1,1,1,MIGUEL CRUZADO VERA
H.I OCTAVIO MONGRUT MUÑOZ,-77.09452579999999,-12.0658858,H.I,15583,1890,9224,68,20,36,49,161,1,1,1,1,1,0,1,1,1,1,1,1,1,1,1,1,1,1,1,1,1,0,1,0,1,OCTAVIO MONGRUT MUÑOZ
H.I RIO NEGRO - SATIPO,-74.65907279999998,-11.208438099999999,H.I,1190,0,849,4,2,3,4,7,1,0,0,0,0,0,0,0,1,1,1,1,1,1,1,1,1,1,1,0,0,0,1,0,0,RIO NEGRO - SATIPO
H.I SAMUEL PASTOR,0.0,0.0,H.I,3441,115,2134,19,6,12,13,21,1,0,1,1,1,1,1,1,1,1,0,1,1,1,1,1,1,1,1,1,1,0,1,0,0,SAMUEL PASTOR
H.I SICUANI,-71.2220832,-14.2713299,H.I,3190,0,1398,15,6,7,18,14,1,0,1,1,1,1,1,1,1,1,1,1,1,1,1,1,1,1,1,1,0,0,1,1,1,SICUANI
H.II CAÑETE,-76.38009670000002,-13.075486199999999,H.II,6105,679,4957,39,15,16,63,90,1,0,1,1,1,1,1,1,1,1,1,1,1,1,1,1,1,1,1,1,1,0,1,0,0,CAÑETE
H.II LIMA NORTE-CALLAO LUIS NEGREIROS VEGA,-77.0980445,-12.0156194,H.II,19492,0,13175,124,21,43,109,407,1,1,1,1,1,0,1,1,1,1,1,1,1,1,1,0,0,1,0,1,1,0,0,0,0,LIMA NORTE-CALLAO LUIS NEGREIROS VEGA
H.II LUIS ENRIQUE HEYSEN INCHAUSTEGUI,0.0,0.0,H.II,7507,654,6014,66,24,18,116,204,1,0,1,1,1,0,1,1,1,1,1,1,1,1,1,1,1,1,1,0,1,0,0,0,1,LUIS ENRIQUE HEYSEN INCHAUSTEGUI
H.II MANUEL DE TORRES MUÑOZ,-72.0151576,-17.019567499999994,H.II,5284,401,3770,33,13,16,33,29,1,0,1,1,1,1,1,1,1,1,1,1,1,1,1,1,1,1,1,1,1,0,1,0,0,MANUEL DE TORRES MUÑOZ
H.II RENE TOCHE GROPPO,-76.13290129999999,-13.424594899999999,H.II,10623,1079,6536,48,12,22,84,140,1,0,1,1,1,1,1,1,1,1,1,1,1,1,1,1,1,1,1,1,1,0,1,0,0,RENE TOCHE GROPPO
H.II TALARA,-81.2735632,-4.5682,H.II,7908,980,3619,42,13,17,37,55,1,0,1,1,1,1,1,1,1,1,1,1,1,1,1,1,1,1,1,1,1,0,1,0,1,TALARA
H.III ALBERTO LEOPOLDO BARTON THOMPSON,-77.10768709999998,-12.048783300000002,H.III,51469,0,27062,242,69,172,162,297,1,1,1,1,1,1,1,1,1,1,1,1,1,1,1,0,0,1,1,1,0,0,0,0,0,ALBERTO LEOPOLDO BARTON THOMPSON
H.III CHIMBOTE,-78.58844029999999,-9.061181199999998,H.III,16176,5799,10291,120,27,38,154,156,1,1,1,1,1,1,1,1,1,1,1,1,1,1,1,1,1,1,1,1,1,0,1,0,0,CHIMBOTE
H.III HOSP. DE EMERGENCIAS GRAU,-77.03125250000002,-12.058854199999999,H.III,31631,1093,18463,161,58,74,234,410,1,1,1,1,1,0,1,1,1,1,1,1,1,1,1,1,1,1,1,1,1,0,1,0,1,HOSP. DE EMERGENCIAS GRAU
H.III SUAREZ-ANGAMOS,-77.02816159999998,-12.113400599999999,H.III,24540,0,18790,139,34,62,85,170,1,1,1,1,1,1,1,1,1,1,1,1,1,1,1,1,1,1,1,1,1,0,1,0,1,SUAREZ-ANGAMOS
H.N. ALTA COMPLEJ. VIRGEN DE LA PUERTA,0.0,0.0,H.N.,9478,0,4910,100,27,52,194,71,1,1,1,1,1,1,1,1,1,1,1,1,1,1,1,0,0,1,1,1,1,0,0,1,1,ALTA COMPLEJ. VIRGEN DE LA PUERTA
P.M. BAÑOS,0.0,0.0,P.M.,428,0,241,1,1,1,0,0,0,0,0,0,0,0,0,0,0,0,0,1,1,0,0,0,0,1,1,0,0,0,1,1,0,BAÑOS
P.M. CHICRIN,-76.1921395,-10.575252800000001,P.M.,663,0,542,1,1,1,0,0,0,0,0,0,0,0,0,1,1,1,0,0,0,0,0,0,0,1,1,1,0,0,1,0,0,CHICRIN
P.M. COTAHUASI,0.0,0.0,P.M.,488,0,168,1,1,1,0,0,0,0,0,0,0,0,0,0,1,1,0,0,0,0,0,0,0,1,1,0,0,0,1,0,0,COTAHUASI
P.M. HUANCAPI,-74.06673020000002,-13.754302599999999,P.M.,397,0,141,2,1,2,0,0,0,0,0,0,0,0,0,0,0,0,0,0,0,0,0,0,0,1,1,0,0,0,1,0,0,HUANCAPI
P.M. HUMAYA,0.0,0.0,P.M.,566,0,419,4,1,1,0,0,0,0,0,0,0,0,0,0,0,1,0,0,0,0,0,0,0,1,1,1,0,0,0,0,0,HUMAYA
P.M. LA JOYA,0.0,0.0,P.M.,763,0,288,1,1,1,0,0,0,0,0,0,0,0,0,0,0,1,1,0,0,0,0,0,0,1,1,1,0,0,1,0,0,LA JOYA
P.M. LOS ORGANOS,0.0,0.0,P.M.,574,0,487,1,1,1,0,0,0,0,0,0,0,0,0,0,0,0,0,0,0,0,0,0,0,1,1,0,0,0,1,0,0,LOS ORGANOS
P.M. MILPO,0.0,0.0,P.M.,622,0,497,1,1,2,0,0,0,0,0,0,0,0,0,0,1,1,0,0,0,0,0,0,0,1,1,0,0,0,1,1,0,MILPO
P.M. NEGRITOS,0.0,0.0,P.M.,685,0,309,2,2,2,0,0,0,0,0,0,0,0,0,0,0,0,0,0,0,0,0,0,0,1,1,0,0,0,1,1,0,NEGRITOS
P.M. PUCARA,0.0,0.0,P.M.,366,0,171,1,1,1,0,0,0,0,0,0,0,0,0,0,1,1,0,0,0,0,0,0,0,1,1,0,0,0,1,1,0,PUCARA
P.M. QUEROBAMBA,-73.8183804,-13.989166199999998,P.M.,439,0,237,2,2,2,0,0,0,0,0,0,0,0,0,0,0,0,0,0,0,0,0,0,0,1,1,0,0,0,1,0,0,QUEROBAMBA
P.M. QUIRUVILCA,-78.3095598,-8.002344899999999,P.M.,615,0,459,2,1,1,0,1,0,0,0,0,0,0,0,0,0,0,0,0,0,0,0,0,0,1,1,0,0,0,1,1,0,QUIRUVILCA
P.M. RAURA,0.0,0.0,P.M.,840,0,757,2,1,2,0,0,0,0,0,0,0,0,0,0,1,1,0,0,0,0,0,0,0,1,1,0,0,0,0,0,0,RAURA
P.M. SALVACION,0.0,0.0,P.M.,177,0,90,1,1,1,0,0,0,0,0,0,0,0,0,0,0,1,1,0,0,0,0,0,0,1,1,0,0,0,1,0,0,SALVACION
P.M. SAN CRISTOBAL,0.0,0.0,P.M.,233,0,126,1,1,1,0,0,0,0,0,0,0,0,0,0,1,1,1,1,1,0,0,0,0,1,1,0,0,0,1,0,0,SAN CRISTOBAL
P.M. SAN FRANCISCO,0.0,0.0,P.M.,487,0,332,2,1,2,0,0,0,0,0,0,0,0,0,0,0,0,0,0,0,0,0,0,0,1,1,0,0,0,1,0,0,SAN FRANCISCO
P.M. SAN GABAN,-70.3836815,-13.532279800000001,P.M.,698,0,431,1,1,1,0,1,0,0,0,0,0,0,0,0,1,1,0,0,0,0,0,0,0,1,1,0,0,0,1,0,0,SAN GABAN
P.M. SAN JOSE,0.0,0.0,P.M.,499,0,224,1,1,1,0,0,0,0,0,0,0,0,0,0,0,0,0,0,0,0,0,0,0,0,1,0,0,0,0,0,0,SAN JOSE
P.M. SAN MARCOS,0.0,0.0,P.M.,392,0,274,1,1,1,0,0,0,0,0,0,0,0,0,0,1,1,1,0,0,0,0,0,0,1,1,0,0,0,1,0,0,SAN MARCOS
P.M. SAN MIGUEL.,0.0,0.0,P.M.,475,0,216,3,1,2,0,0,0,0,0,0,0,0,0,0,0,0,0,0,0,0,0,0,0,1,1,0,0,0,1,0,0,SAN MIGUEL.
P.M. SAN PABLO,0.0,0.0,P.M.,502,0,322,1,1,1,0,0,0,0,0,0,0,0,0,0,1,1,1,0,0,0,0,0,0,1,1,0,0,0,1,0,0,SAN PABLO
P.M. SAN RAFAEL,0.0,0.0,P.M.,449,0,221,1,1,1,0,0,0,0,0,0,0,0,0,0,0,1,0,1,1,1,1,1,1,1,1,0,0,0,0,1,0,SAN RAFAEL
P.M. SANDIA,0.0,0.0,P.M.,501,0,300,1,1,1,0,0,0,0,0,0,0,0,0,1,1,1,0,1,1,0,0,0,0,1,1,0,0,0,1,1,0,SANDIA
P.M. SANTA CRUZ,0.0,0.0,P.M.,483,0,369,2,1,1,0,0,0,0,0,0,0,0,0,0,1,1,0,0,0,0,0,0,0,1,1,0,0,0,1,1,0,SANTA CRUZ
P.M. SAUSAL,0.0,0.0,P.M.,396,0,284,1,1,1,0,0,0,0,0,0,0,0,0,0,0,0,0,0,0,0,0,0,0,1,1,0,0,0,1,0,0,SAUSAL
P.M. SUNGARO,-75.0341535,-9.3700275,P.M.,403,0,251,1,1,1,0,0,0,0,0,0,0,0,0,0,0,0,0,1,1,0,0,0,0,1,1,0,0,0,1,0,0,SUNGARO
P.M. UCUPE,0.0,0.0,P.M.,533,0,435,1,1,1,0,0,0,0,0,0,0,0,0,0,1,1,1,0,0,0,0,0,0,0,1,0,0,0,1,0,0,UCUPE
POL. ALBERTO LEOPOLDO BARTON THOMPSON.,-77.10768709999998,-12.048783300000002,POL.,25521,0,21564,127,26,63,0,0,0,0,0,0,0,0,0,0,0,0,0,1,1,1,1,0,0,1,1,1,1,0,0,0,0,ALBERTO LEOPOLDO BARTON THOMPSON.
POL. CENTRAL DE PREVENCION LARCO,-77.02937539999998,-12.125485699999999,POL.,7726,0,2839,18,8,16,0,0,0,0,0,0,0,0,0,0,0,0,0,1,1,1,1,1,1,1,1,0,0,0,0,0,0,CENTRAL DE PREVENCION LARCO
POL. CHICLAYO OESTE,-79.862752,-6.771261999999999,POL.,12853,458,9335,27,13,26,0,0,0,0,0,0,0,0,0,0,1,1,0,1,1,1,1,1,1,1,1,1,1,0,1,0,1,CHICLAYO OESTE
POL. CHINCHA,0.0,0.0,POL.,17588,1527,13344,46,23,56,0,0,0,0,0,0,1,0,1,1,1,1,1,1,1,1,1,1,1,1,1,1,1,0,1,0,1,CHINCHA
POL. GUILLERMO KAELIN DE LA FUENTE.,-76.94027299999998,-12.1774727,POL.,40912,0,28245,69,31,78,0,0,0,0,0,0,0,0,0,0,0,0,0,1,1,1,1,0,0,1,1,1,1,0,0,0,0,GUILLERMO KAELIN DE LA FUENTE.
POL. HOSP. PRIVADO DEL PERÚ,-80.6529809,-5.2454611,POL.,5046,0,3144,25,14,25,0,0,0,0,0,0,0,0,0,0,0,0,0,1,1,1,1,1,1,1,1,1,0,0,1,0,0,HOSP. PRIVADO DEL PERÚ
POL. IPRESS MEDICAL IMAGE,0.0,0.0,POL.,10397,1123,7284,44,24,28,0,0,0,0,0,0,0,0,0,0,0,0,0,1,1,1,1,0,0,1,1,1,0,0,1,0,0,IPRESS MEDICAL IMAGE
POL. IPRESS SAN BARTOLOME,0.0,0.0,POL.,10662,0,7516,43,12,23,0,0,0,0,0,0,0,0,0,0,0,0,0,1,1,1,1,0,0,1,1,1,1,0,1,0,1,IPRESS SAN BARTOLOME
POL. IPRESS SAN JUAN DE DIOS,0.0,0.0,POL.,11733,1182,7134,56,22,44,0,0,0,0,0,0,0,0,0,1,1,1,1,1,1,1,1,1,1,1,1,1,0,0,1,0,0,IPRESS SAN JUAN DE DIOS
POL. JULIACA.,-70.11309920000001,-15.5193245,POL.,2763,0,1804,14,4,6,0,0,0,0,0,0,0,0,0,0,1,1,1,1,1,1,1,1,1,1,1,1,1,0,1,1,1,JULIACA.
POL. METROPOLITANO DE PUNO,-70.025733,-15.842703,POL.,2597,0,1742,7,4,7,0,0,0,0,0,0,0,0,0,0,0,1,0,1,1,1,1,1,1,1,1,1,1,0,1,0,1,METROPOLITANO DE PUNO
POL. METROPOLITANO HUANCAYO,-75.22752159999997,-12.0529245,POL.,10423,1622,7948,19,12,19,0,0,0,0,0,0,0,0,0,1,1,1,1,1,1,1,1,1,1,1,1,1,1,0,1,0,0,METROPOLITANO HUANCAYO
POL. METROPOLITANO,0.0,0.0,POL.,18504,1820,9230,47,25,43,0,0,0,0,0,0,0,0,0,1,1,1,1,1,0,1,1,1,1,1,1,0,1,0,1,0,1,METROPOLITANO
POL. SANTA CRUZ.,0.0,0.0,POL.,2555,0,2190,10,5,8,0,0,0,0,0,0,0,0,0,0,0,0,0,0,0,1,1,1,1,1,1,1,0,0,1,0,1,SANTA CRUZ.
POL. VICTOR PANTA RODRIGUEZ,-78.59731289999998,-9.066942,POL.,12565,0,8339,26,9,19,0,0,0,0,0,0,0,0,0,0,0,0,0,1,1,0,0,0,0,1,1,1,1,0,1,0,1,VICTOR PANTA RODRIGUEZ
